year,city_id,population_density
2005,city1,469
2006,city1,477
2007,city1,483
2008,city1,486
2009,city1,491
2010,city1,499
2011,city1,500
2012,city1,501
2013,city1,503
2014,city1,505
2015,city1,509
2016,city1,513
2017,city1,516
2018,city1,522
2019,city1,528
2020,city1,581
2021,city1,587
2022,city1,588
2005,city10,131
2006,city10,132
2007,city10,132
2008,city10,133
2009,city10,133
2010,city10,122
2011,city10,122
2012,city10,122
2013,city10,123
2014,city10,123
2015,city10,124
2016,city10,125
2017,city10,126
2018,city10,127
2019,city10,128
2020,city10,145
2021,city10,145
2022,city10,145
2005,city11,1025
2006,city11,1046
2007,city11,1073
2008,city11,1085
2009,city11,1106
2010,city11,1154
2011,city11,1162
2012,city11,1165
2013,city11,1169
2014,city11,1172
2015,city11,1176
2016,city11,1099
2017,city11,1109
2018,city11,1125
2019,city11,1143
2020,city11,1286
2021,city11,1313
2022,city11,1322
2001,city12,869
2002,city12,870
2003,city12,870
2004,city12,868
2005,city12,866
2006,city12,869
2007,city12,864
2008,city12,864
2009,city12,869
2010,city12,872
2011,city12,876
2012,city12,875
2013,city12,801
2014,city12,879
2015,city12,878
2016,city12,2136
2018,city12,2192
2019,city12,2208
2001,city13,597
2002,city13,600
2003,city13,605
2004,city13,609
2005,city13,613
2006,city13,619
2007,city13,621
2008,city13,625
2009,city13,632
2010,city13,639
2011,city13,649
2012,city13,655
2013,city13,565
2014,city13,681
2015,city13,687
2016,city13,2072
2018,city13,2293
2019,city13,2389
2001,city14,151
2002,city14,157
2003,city14,163
2004,city14,170
2005,city14,176
2006,city14,176
2007,city14,178
2008,city14,183
2009,city14,184
2010,city14,189
2011,city14,191
2012,city14,192
2013,city14,194
2014,city14,196
2015,city14,186
2016,city14,185
2017,city14,184
2018,city14,183
2019,city14,182
2020,city14,181
2021,city14,181
2000,city15,795
2001,city15,800
2002,city15,800
2003,city15,805
2004,city15,810
2005,city15,820
2006,city15,830
2007,city15,835
2008,city15,840
2009,city15,850
2010,city15,860
2011,city15,865
2012,city15,875
2013,city15,760
2014,city15,865
2015,city15,870
2016,city15,3020
2018,city15,3415
2019,city15,3430
2000,city16,145
2001,city16,150
2002,city16,150
2003,city16,155
2004,city16,155
2005,city16,155
2006,city16,155
2007,city16,160
2008,city16,155
2009,city16,155
2010,city16,150
2011,city16,155
2012,city16,155
2013,city16,155
2014,city16,155
2015,city16,150
2016,city16,150
2017,city16,150
2018,city16,155
2019,city16,155
2020,city16,155
2021,city16,155
2000,city17,1335
2001,city17,1340
2002,city17,1320
2003,city17,1305
2004,city17,1295
2005,city17,1275
2006,city17,1310
2007,city17,1350
2008,city17,1530
2009,city17,1625
2010,city17,1740
2011,city17,1750
2012,city17,1770
2013,city17,1780
2014,city17,1800
2015,city17,2200
2016,city17,2315
2017,city17,2405
2018,city17,2480
2019,city17,2530
2020,city17,2585
2021,city17,2595
2000,city18,780
2001,city18,780
2002,city18,785
2003,city18,790
2004,city18,795
2005,city18,800
2006,city18,810
2007,city18,815
2008,city18,815
2009,city18,820
2010,city18,825
2011,city18,825
2012,city18,830
2013,city18,1070
2014,city18,840
2015,city18,845
2016,city18,2425
2018,city18,3025
2019,city18,2945
2005,city19,445
2006,city19,455
2007,city19,465
2008,city19,470
2009,city19,475
2010,city19,490
2011,city19,490
2012,city19,495
2013,city19,495
2014,city19,495
2015,city19,500
2016,city19,505
2017,city19,510
2018,city19,510
2019,city19,515
2020,city19,645
2021,city19,650
2022,city19,650
2001,city2,937
2002,city2,916
2003,city2,924
2004,city2,934
2005,city2,946
2006,city2,956
2007,city2,964
2008,city2,970
2009,city2,973
2010,city2,1008
2011,city2,1011
2012,city2,1016
2013,city2,1401
2014,city2,1031
2015,city2,1040
2016,city2,1990
2018,city2,2052
2019,city2,2089
2005,city20,245
2006,city20,250
2007,city20,250
2008,city20,250
2009,city20,250
2010,city20,240
2011,city20,240
2012,city20,240
2013,city20,240
2014,city20,240
2015,city20,240
2016,city20,245
2017,city20,245
2018,city20,250
2019,city20,250
2020,city20,255
2021,city20,255
2022,city20,260
2006,city21,452
2007,city21,466
2008,city21,474
2009,city21,480
2010,city21,488
2011,city21,524
2012,city21,526
2013,city21,530
2014,city21,533
2015,city21,536
2016,city21,543
2017,city21,553
2018,city21,570
2019,city21,580
2020,city21,613
2021,city21,706
2022,city21,722
2001,city22,826
2002,city22,838
2003,city22,855
2004,city22,869
2005,city22,887
2006,city22,905
2007,city22,923
2008,city22,938
2009,city22,949
2010,city22,957
2011,city22,960
2012,city22,966
2013,city22,969
2014,city22,1243
2015,city22,985
2016,city22,991
2017,city22,1484
2019,city22,1555
2020,city22,1588
2001,city23,758
2002,city23,761
2003,city23,780
2004,city23,799
2005,city23,823
2006,city23,839
2007,city23,859
2008,city23,862
2009,city23,914
2010,city23,932
2011,city23,944
2012,city23,948
2013,city23,918
2014,city23,922
2015,city23,936
2016,city23,1095
2017,city23,1131
2018,city23,1192
2019,city23,1272
2020,city23,1352
2021,city23,1420
2022,city23,1430
2006,city24,788
2007,city24,793
2008,city24,804
2009,city24,810
2010,city24,817
2011,city24,834
2012,city24,842
2013,city24,850
2014,city24,856
2015,city24,864
2016,city24,872
2017,city24,885
2018,city24,895
2019,city24,912
2020,city24,1114
2021,city24,1151
2022,city24,1167
2006,city25,698
2007,city25,714
2008,city25,704
2009,city25,721
2010,city25,734
2011,city25,776
2012,city25,778
2013,city25,779
2014,city25,782
2015,city25,797
2016,city25,798
2017,city25,804
2018,city25,817
2019,city25,837
2020,city25,872
2021,city25,960
2022,city25,974
2001,city26,981
2002,city26,978
2003,city26,975
2004,city26,972
2005,city26,967
2006,city26,963
2007,city26,962
2008,city26,958
2009,city26,955
2010,city26,953
2011,city26,954
2012,city26,956
2013,city26,956
2014,city26,912
2015,city26,728
2016,city26,727
2017,city26,4128
2019,city26,4106
2020,city26,4160
2001,city27,2263
2003,city27,2335
2004,city27,2355
2005,city27,2387
2006,city27,2395
2007,city27,2408
2008,city27,2423
2009,city27,2290
2010,city27,2322
2011,city27,2400
2012,city27,2409
2013,city27,2492
2014,city27,2506
2015,city27,2512
2016,city27,2481
2017,city27,2485
2018,city27,2490
2019,city27,2495
2020,city27,2492
2021,city27,2497
2022,city27,2509
2006,city28,750
2007,city28,759
2008,city28,768
2009,city28,774
2010,city28,778
2011,city28,798
2012,city28,796
2013,city28,823
2014,city28,836
2015,city28,851
2016,city28,860
2017,city28,875
2018,city28,861
2019,city28,870
2020,city28,880
2021,city28,896
2022,city28,909
2006,city29,605
2007,city29,607
2008,city29,610
2009,city29,611
2010,city29,612
2011,city29,635
2012,city29,638
2013,city29,639
2014,city29,642
2015,city29,640
2016,city29,644
2017,city29,647
2018,city29,651
2019,city29,608
2020,city29,609
2021,city29,656
2022,city29,660
2001,city3,3710
2002,city3,3823
2003,city3,3985
2004,city3,4101
2005,city3,4239
2006,city3,4334
2007,city3,4412
2008,city3,4887
2009,city3,5095
2010,city3,5311
2011,city3,5360
2012,city3,5282
2013,city3,5323
2014,city3,5398
2015,city3,7081
2016,city3,7518
2017,city3,7947
2018,city3,8341
2019,city3,8611
2020,city3,8877
2021,city3,8901
2001,city30,612
2002,city30,617
2003,city30,619
2004,city30,624
2005,city30,625
2006,city30,630
2007,city30,639
2008,city30,643
2009,city30,651
2010,city30,654
2011,city30,664
2012,city30,663
2013,city30,671
2014,city30,582
2015,city30,691
2016,city30,697
2017,city30,1464
2019,city30,1534
2020,city30,1534
2001,city31,414
2002,city31,422
2003,city31,424
2004,city31,426
2005,city31,430
2006,city31,430
2007,city31,431
2008,city31,432
2009,city31,449
2010,city31,458
2011,city31,467
2012,city31,468
2013,city31,472
2014,city31,473
2015,city31,475
2016,city31,482
2017,city31,486
2018,city31,489
2019,city31,495
2020,city31,498
2021,city31,504
2022,city31,507
2006,city32,745
2007,city32,751
2008,city32,755
2009,city32,759
2010,city32,760
2011,city32,760
2012,city32,764
2013,city32,768
2014,city32,770
2015,city32,774
2016,city32,778
2017,city32,788
2018,city32,789
2019,city32,788
2020,city32,787
2021,city32,789
2022,city32,789
2006,city33,659
2007,city33,661
2008,city33,670
2009,city33,678
2010,city33,684
2011,city33,773
2012,city33,775
2013,city33,769
2014,city33,779
2015,city33,749
2016,city33,753
2017,city33,758
2018,city33,762
2019,city33,764
2020,city33,769
2021,city33,791
2022,city33,797
2001,city34,531
2002,city34,531
2003,city34,531
2004,city34,532
2005,city34,533
2006,city34,471
2007,city34,474
2008,city34,477
2009,city34,478
2010,city34,479
2011,city34,481
2012,city34,484
2013,city34,485
2014,city34,425
2015,city34,489
2016,city34,489
2017,city34,2230
2019,city34,2206
2020,city34,2306
2001,city35,487
2002,city35,499
2003,city35,508
2004,city35,517
2005,city35,530
2006,city35,536
2007,city35,537
2008,city35,546
2009,city35,523
2010,city35,524
2011,city35,530
2012,city35,535
2013,city35,536
2014,city35,540
2015,city35,544
2016,city35,527
2017,city35,527
2018,city35,527
2019,city35,526
2020,city35,526
2021,city35,526
2022,city35,530
2006,city36,791
2007,city36,796
2008,city36,800
2009,city36,802
2010,city36,806
2011,city36,818
2012,city36,822
2013,city36,827
2014,city36,833
2015,city36,840
2016,city36,850
2017,city36,858
2018,city36,859
2019,city36,861
2020,city36,862
2021,city36,845
2022,city36,844
2001,city37,679
2002,city37,680
2003,city37,682
2004,city37,684
2005,city37,685
2006,city37,688
2007,city37,691
2008,city37,692
2009,city37,693
2010,city37,692
2011,city37,697
2012,city37,698
2013,city37,696
2014,city37,643
2015,city37,700
2016,city37,699
2017,city37,2808
2019,city37,2936
2020,city37,2960
2001,city38,227
2002,city38,234
2003,city38,237
2004,city38,240
2005,city38,245
2006,city38,247
2007,city38,249
2008,city38,253
2009,city38,257
2010,city38,259
2011,city38,265
2012,city38,267
2013,city38,267
2014,city38,270
2015,city38,271
2016,city38,269
2017,city38,270
2018,city38,271
2019,city38,273
2020,city38,275
2021,city38,276
2022,city38,277
2006,city39,246
2007,city39,249
2008,city39,251
2009,city39,253
2010,city39,255
2011,city39,257
2012,city39,259
2013,city39,262
2014,city39,263
2015,city39,265
2016,city39,266
2017,city39,268
2018,city39,271
2019,city39,264
2020,city39,264
2021,city39,266
2005,city4,732
2006,city4,734
2007,city4,739
2008,city4,753
2009,city4,759
2010,city4,801
2011,city4,812
2012,city4,760
2013,city4,761
2014,city4,764
2015,city4,768
2016,city4,772
2017,city4,779
2018,city4,782
2019,city4,784
2020,city4,772
2021,city4,777
2022,city4,780
2001,city40,694
2002,city40,694
2003,city40,694
2004,city40,695
2005,city40,695
2006,city40,696
2007,city40,699
2008,city40,699
2009,city40,699
2010,city40,702
2011,city40,704
2012,city40,707
2013,city40,705
2014,city40,823
2015,city40,709
2016,city40,708
2017,city40,1603
2019,city40,1600
2020,city40,1600
2001,city5,684
2002,city5,688
2003,city5,696
2004,city5,706
2005,city5,715
2006,city5,726
2007,city5,736
2008,city5,742
2009,city5,746
2010,city5,751
2011,city5,757
2012,city5,763
2013,city5,1246
2014,city5,764
2015,city5,770
2016,city5,2049
2018,city5,2344
2019,city5,2520
2001,city6,1427
2002,city6,1446
2003,city6,1466
2004,city6,1494
2005,city6,1507
2006,city6,1522
2007,city6,1539
2008,city6,1708
2009,city6,1786
2010,city6,1871
2011,city6,1879
2012,city6,1912
2013,city6,1921
2014,city6,1936
2015,city6,2276
2016,city6,2303
2017,city6,2370
2018,city6,2438
2019,city6,2483
2020,city6,2506
2021,city6,2531
2005,city7,529
2006,city7,542
2007,city7,552
2008,city7,559
2009,city7,567
2010,city7,592
2011,city7,594
2012,city7,596
2013,city7,596
2014,city7,597
2015,city7,599
2016,city7,601
2017,city7,604
2018,city7,607
2019,city7,609
2020,city7,635
2021,city7,643
2022,city7,645
2001,city8,511
2002,city8,514
2003,city8,516
2004,city8,520
2005,city8,524
2006,city8,529
2007,city8,530
2008,city8,533
2009,city8,530
2010,city8,535
2011,city8,539
2012,city8,543
2013,city8,479
2014,city8,559
2015,city8,562
2016,city8,5226
2018,city8,5181
2019,city8,5420
2001,city9,473
2002,city9,482
2003,city9,491
2004,city9,503
2005,city9,510
2006,city9,517
2007,city9,528
2008,city9,519
2009,city9,515
2010,city9,510
2011,city9,515
2012,city9,522
2013,city9,526
2014,city9,529
2015,city9,519
2016,city9,520
2017,city9,524
2018,city9,530
2019,city9,535
2020,city9,540
2021,city9,543
