city_id,year,employees_number,industry_employment_total,difference
city25,2004,386,386.0,0.0
city25,2004,260,386.0,126.0
city25,2005,396,396.0,0.0
city25,2005,275,396.0,121.0
city25,2006,415,415.0,0.0
city25,2006,289,415.0,126.0
city25,2007,430,430.0,0.0
city25,2007,308,430.0,122.0
city25,2008,438,439.0,1.0
city25,2008,325,439.0,114.0
city25,2009,440,441.0,1.0
city25,2009,350,441.0,91.0
city25,2010,444,443.0,1.0
city25,2010,364,443.0,79.0
city25,2011,477,476.0,1.0
city25,2011,382,476.0,94.0
city25,2012,494,495.0,1.0
city25,2012,386,495.0,109.0
city25,2013,502,502.0,0.0
city25,2013,389,502.0,113.0
city25,2014,503,503.0,0.0
city25,2014,389,503.0,114.0
city25,2015,512,511.0,1.0
city25,2015,390,511.0,121.0
city25,2016,510,510.0,0.0
city25,2016,390,510.0,120.0
city25,2017,520,520.0,0.0
city25,2017,387,520.0,133.0
city25,2018,532,531.0,1.0
city25,2018,387,531.0,144.0
city25,2019,541,541.0,0.0
city25,2019,388,541.0,153.0
city25,2020,589,589.0,0.0
city25,2020,387,589.0,202.0
city29,2004,359,358.0,1.0
city29,2004,262,358.0,96.0
city29,2005,364,364.0,0.0
city29,2005,270,364.0,94.0
city29,2006,369,369.0,0.0
city29,2006,274,369.0,95.0
city29,2007,370,370.0,0.0
city29,2007,282,370.0,88.0
city29,2008,373,374.0,1.0
city29,2008,294,374.0,80.0
city29,2009,376,375.0,1.0
city29,2009,313,375.0,62.0
city29,2010,379,378.0,1.0
city29,2010,347,378.0,31.0
city29,2011,368,367.0,1.0
city29,2011,327,367.0,40.0
city29,2012,371,371.0,0.0
city29,2012,361,371.0,10.0
city29,2013,389,389.0,0.0
city29,2013,280,389.0,109.0
city29,2014,397,397.0,0.0
city29,2014,281,397.0,116.0
city29,2015,402,403.0,1.0
city29,2015,282,403.0,121.0
city29,2016,407,407.0,0.0
city29,2016,283,407.0,124.0
city29,2017,404,403.0,1.0
city29,2017,284,403.0,119.0
city29,2018,407,406.0,1.0
city29,2018,284,406.0,122.0
city29,2019,408,408.0,0.0
city29,2019,285,408.0,123.0
city29,2020,408,409.0,1.0
city29,2020,285,409.0,124.0
city31,2001,209,,
city31,2001,130,,
city31,2002,207,,
city31,2002,140,,
city31,2003,210,,
city31,2003,148,,
city31,2004,145,,
city31,2004,142,,
city31,2005,183,,
city31,2005,147,,
city31,2006,189,,
city31,2006,147,,
city31,2007,193,221.0,28.0
city31,2007,148,221.0,73.0
city31,2008,203,233.0,30.0
city31,2008,151,233.0,82.0
city31,2009,204,233.0,29.0
city31,2009,156,233.0,77.0
city31,2010,210,233.0,23.0
city31,2010,160,233.0,73.0
city31,2011,207,250.0,43.0
city31,2011,131,250.0,119.0
city31,2012,209,253.0,44.0
city31,2012,138,253.0,115.0
city31,2013,209,248.0,39.0
city31,2013,132,248.0,116.0
city31,2014,210,245.0,35.0
city31,2014,129,245.0,116.0
city31,2015,212,243.0,31.0
city31,2015,128,243.0,115.0
city31,2016,211,243.0,32.0
city31,2016,129,243.0,114.0
city31,2017,213,244.0,31.0
city31,2017,129,244.0,115.0
city31,2018,212,245.0,33.0
city31,2018,129,245.0,116.0
city31,2019,213,281.0,68.0
city31,2019,129,281.0,152.0
city31,2020,265,273.0,8.0
city31,2020,112,273.0,161.0
city31,2021,275,257.0,18.0
city31,2021,113,257.0,144.0
city33,2004,444,445.0,1.0
city33,2004,322,445.0,123.0
city33,2005,448,448.0,0.0
city33,2005,318,448.0,130.0
city33,2006,488,488.0,0.0
city33,2006,318,488.0,170.0
city33,2007,508,509.0,1.0
city33,2007,319,509.0,190.0
city33,2008,517,517.0,0.0
city33,2008,330,517.0,187.0
city33,2009,537,537.0,0.0
city33,2009,336,537.0,201.0
city33,2010,547,546.0,1.0
city33,2010,342,546.0,204.0
city33,2011,559,558.0,1.0
city33,2011,348,558.0,210.0
city33,2012,576,576.0,0.0
city33,2012,357,576.0,219.0
city33,2013,578,577.0,1.0
city33,2013,448,577.0,129.0
city33,2014,574,575.0,1.0
city33,2014,446,575.0,129.0
city33,2015,568,568.0,0.0
city33,2015,446,568.0,122.0
city33,2016,574,575.0,1.0
city33,2016,446,575.0,129.0
city33,2017,574,574.0,0.0
city33,2017,446,574.0,128.0
city33,2018,575,575.0,0.0
city33,2018,446,575.0,129.0
city33,2019,576,575.0,1.0
city33,2019,432,575.0,143.0
city33,2020,576,576.0,0.0
city33,2020,430,576.0,146.0
