city_id,year,employees_number
city1,2003,147
city1,2004,150
city1,2005,158
city1,2006,162
city1,2007,183
city1,2008,199
city1,2009,199
city1,2010,180
city1,2011,180
city1,2012,180
city1,2013,181
city1,2014,183
city1,2015,184
city1,2016,187
city1,2017,189
city1,2018,192
city1,2019,194
city1,2021,199
city10,2003,142
city10,2004,142
city10,2005,142
city10,2006,143
city10,2007,146
city10,2008,147
city10,2009,150
city10,2010,138
city10,2011,138
city10,2012,139
city10,2013,140
city10,2014,141
city10,2015,141
city10,2016,143
city10,2017,144
city10,2018,144
city10,2019,144
city10,2021,142
city11,2003,200
city11,2004,202
city11,2005,241
city11,2006,274
city11,2007,289
city11,2008,294
city11,2009,308
city11,2010,318
city11,2011,321
city11,2012,327
city11,2013,328
city11,2014,332
city11,2015,329
city11,2016,330
city11,2017,332
city11,2018,336
city11,2019,336
city11,2021,330
city12,2002,245
city12,2003,242
city12,2004,244
city12,2005,255
city12,2006,256
city12,2007,266
city12,2008,281
city12,2009,284
city12,2010,284
city12,2011,287
city12,2012,284
city12,2013,284
city12,2014,285
city12,2015,281
city12,2016,278
city12,2017,278
city12,2018,276
city12,2019,275
city12,2020,279
city12,2021,276
city13,2002,266
city13,2003,267
city13,2004,268
city13,2005,268
city13,2006,289
city13,2007,303
city13,2008,310
city13,2009,318
city13,2010,333
city13,2011,351
city13,2012,276
city13,2013,276
city13,2014,279
city13,2015,282
city13,2016,283
city13,2017,283
city13,2018,283
city13,2019,281
city13,2020,283
city13,2021,280
city14,2000,151
city14,2001,147
city14,2002,153
city14,2003,145
city14,2004,153
city14,2005,138
city14,2006,139
city14,2007,140
city14,2008,140
city14,2009,143
city14,2010,143
city14,2011,143
city14,2012,143
city14,2013,144
city14,2014,144
city14,2015,144
city14,2016,144
city14,2017,145
city14,2018,145
city14,2019,134
city14,2020,125
city14,2021,126
city15,2003,392
city15,2004,382
city15,2005,396
city15,2006,452
city15,2007,469
city15,2008,477
city15,2009,486
city15,2010,501
city15,2011,521
city15,2012,529
city15,2013,479
city15,2014,479
city15,2015,481
city15,2016,482
city15,2017,483
city15,2018,483
city15,2019,483
city15,2020,483
city15,2021,482
city16,2001,142
city16,2002,143
city16,2003,143
city16,2004,286
city16,2005,294
city16,2006,349
city16,2007,351
city16,2008,359
city16,2009,362
city16,2010,381
city16,2011,443
city16,2012,445
city16,2013,437
city16,2014,437
city16,2015,438
city16,2016,438
city16,2017,439
city16,2018,436
city16,2019,441
city16,2020,589
city16,2021,598
city17,2001,504
city17,2002,510
city17,2003,514
city17,2004,521
city17,2005,541
city17,2006,574
city17,2007,609
city17,2008,664
city17,2009,715
city17,2010,739
city17,2011,711
city17,2012,743
city17,2013,751
city17,2014,760
city17,2015,785
city17,2016,811
city17,2017,835
city17,2018,862
city17,2019,897
city17,2020,1126
city17,2021,1158
city18,2003,192
city18,2004,200
city18,2005,217
city18,2006,241
city18,2007,256
city18,2008,271
city18,2009,291
city18,2010,304
city18,2011,323
city18,2012,278
city18,2013,281
city18,2014,281
city18,2015,281
city18,2016,281
city18,2017,281
city18,2018,281
city18,2019,282
city18,2020,283
city18,2021,300
city19,2004,305
city19,2005,316
city19,2006,312
city19,2007,318
city19,2008,326
city19,2009,327
city19,2010,330
city19,2011,346
city19,2012,343
city19,2013,343
city19,2014,345
city19,2015,346
city19,2016,346
city19,2017,347
city19,2018,349
city19,2019,354
city19,2020,355
city2,2002,223
city2,2003,260
city2,2004,275
city2,2005,289
city2,2006,308
city2,2007,325
city2,2008,350
city2,2009,364
city2,2010,382
city2,2011,386
city2,2012,389
city2,2013,389
city2,2014,390
city2,2015,390
city2,2016,387
city2,2017,387
city2,2018,388
city2,2019,387
city2,2020,419
city2,2021,419
city20,2004,120
city20,2005,124
city20,2006,125
city20,2007,128
city20,2008,129
city20,2009,131
city20,2010,134
city20,2011,128
city20,2012,131
city20,2013,133
city20,2014,134
city20,2015,134
city20,2016,131
city20,2017,132
city20,2018,133
city20,2019,135
city20,2020,135
city21,2004,451
city21,2005,456
city21,2006,481
city21,2007,512
city21,2008,533
city21,2009,569
city21,2010,597
city21,2011,626
city21,2012,638
city21,2013,644
city21,2014,651
city21,2015,655
city21,2016,663
city21,2017,677
city21,2018,681
city21,2019,696
city21,2020,720
city22,2003,270
city22,2004,281
city22,2005,284
city22,2006,317
city22,2007,327
city22,2008,368
city22,2009,380
city22,2010,408
city22,2011,458
city22,2012,468
city22,2013,452
city22,2014,452
city22,2015,453
city22,2016,455
city22,2017,456
city22,2018,456
city22,2019,463
city22,2020,503
city22,2021,484
city23,2001,79
city23,2002,82
city23,2003,88
city23,2004,89
city23,2005,91
city23,2006,94
city23,2007,98
city23,2008,99
city23,2009,102
city23,2010,95
city23,2011,103
city23,2012,104
city23,2013,105
city23,2014,106
city23,2015,109
city23,2016,109
city23,2017,110
city23,2018,112
city23,2019,116
city23,2020,137
city23,2021,148
city24,2002,350
city24,2003,353
city24,2004,356
city24,2005,294
city24,2006,360
city24,2007,362
city24,2008,364
city24,2009,357
city24,2010,373
city24,2011,379
city24,2012,393
city24,2013,408
city24,2014,454
city24,2015,465
city24,2016,469
city24,2017,470
city24,2018,453
city24,2019,424
city24,2020,510
city24,2021,469
city25,2003,223
city25,2004,386
city25,2005,396
city25,2006,415
city25,2007,430
city25,2008,438
city25,2009,440
city25,2010,444
city25,2011,477
city25,2012,494
city25,2013,502
city25,2014,503
city25,2015,512
city25,2016,510
city25,2017,520
city25,2018,532
city25,2019,541
city25,2020,589
city25,2021,419
city27,2001,207
city27,2002,208
city27,2003,207
city27,2004,163
city27,2005,174
city27,2006,180
city27,2007,182
city27,2008,187
city27,2009,239
city27,2010,244
city27,2011,238
city27,2012,239
city27,2013,239
city27,2014,240
city27,2015,238
city27,2016,238
city27,2017,239
city27,2018,240
city27,2019,240
city27,2020,248
city27,2021,247
city28,2002,440
city28,2003,448
city28,2004,451
city28,2005,460
city28,2006,467
city28,2007,475
city28,2008,482
city28,2009,485
city28,2010,489
city28,2011,505
city28,2012,511
city28,2013,516
city28,2014,518
city28,2015,521
city28,2016,524
city28,2017,524
city28,2018,524
city28,2019,525
city28,2020,524
city28,2021,526
city29,2003,237
city29,2004,359
city29,2005,364
city29,2006,369
city29,2007,370
city29,2008,373
city29,2009,376
city29,2010,379
city29,2011,368
city29,2012,371
city29,2013,389
city29,2014,397
city29,2015,402
city29,2016,407
city29,2017,404
city29,2018,407
city29,2019,408
city29,2020,408
city29,2021,269
city3,2000,309
city3,2001,333
city3,2002,359
city3,2003,422
city3,2004,456
city3,2005,576
city3,2006,648
city3,2007,656
city3,2008,670
city3,2009,692
city3,2010,758
city3,2011,765
city3,2012,771
city3,2013,899
city3,2014,900
city3,2015,906
city3,2016,926
city3,2017,943
city3,2018,1050
city3,2019,1230
city3,2020,1240
city3,2021,1245
city31,2001,209
city31,2002,207
city31,2003,210
city31,2004,145
city31,2005,183
city31,2006,189
city31,2007,193
city31,2008,203
city31,2009,204
city31,2010,210
city31,2011,207
city31,2012,209
city31,2013,209
city31,2014,210
city31,2015,212
city31,2016,211
city31,2017,213
city31,2018,212
city31,2019,213
city31,2020,265
city31,2021,275
city32,2002,250
city32,2003,244
city32,2004,247
city32,2005,223
city32,2006,254
city32,2007,252
city32,2008,254
city32,2009,244
city32,2010,243
city32,2011,250
city32,2012,268
city32,2013,274
city32,2014,316
city32,2015,319
city32,2016,321
city32,2017,321
city32,2018,292
city32,2019,282
city32,2020,275
city32,2021,227
city33,2003,325
city33,2004,444
city33,2005,448
city33,2006,488
city33,2007,508
city33,2008,517
city33,2009,537
city33,2010,547
city33,2011,559
city33,2012,576
city33,2013,578
city33,2014,574
city33,2015,568
city33,2016,574
city33,2017,574
city33,2018,575
city33,2019,576
city33,2020,576
city33,2021,418
city35,2001,315
city35,2002,310
city35,2003,316
city35,2004,295
city35,2005,300
city35,2006,305
city35,2007,312
city35,2008,312
city35,2009,313
city35,2010,312
city35,2011,320
city35,2012,329
city35,2013,332
city35,2014,336
city35,2015,341
city35,2016,341
city35,2017,344
city35,2018,345
city35,2019,344
city35,2020,336
city35,2021,321
city36,2002,202
city36,2003,207
city36,2004,212
city36,2005,204
city36,2006,226
city36,2007,229
city36,2008,234
city36,2009,218
city36,2010,225
city36,2011,232
city36,2012,239
city36,2013,244
city36,2014,291
city36,2015,294
city36,2016,295
city36,2017,296
city36,2018,296
city36,2019,250
city36,2020,238
city36,2021,197
city38,2001,203
city38,2002,204
city38,2003,204
city38,2004,194
city38,2005,201
city38,2006,215
city38,2007,217
city38,2008,220
city38,2009,238
city38,2010,236
city38,2011,213
city38,2012,215
city38,2013,216
city38,2014,216
city38,2015,218
city38,2016,218
city38,2017,220
city38,2018,221
city38,2019,225
city38,2020,203
city38,2021,201
city39,2002,105
city39,2003,106
city39,2004,107
city39,2005,100
city39,2006,110
city39,2007,111
city39,2008,111
city39,2009,107
city39,2010,110
city39,2011,116
city39,2012,126
city39,2013,129
city39,2014,148
city39,2015,150
city39,2016,151
city39,2017,151
city39,2018,143
city39,2019,133
city39,2020,130
city39,2021,124
city4,2003,55
city4,2004,56
city4,2005,56
city4,2006,56
city4,2007,58
city4,2008,63
city4,2009,66
city4,2010,67
city4,2011,69
city4,2012,73
city4,2013,73
city4,2014,74
city4,2015,75
city4,2016,75
city4,2017,75
city4,2018,75
city4,2019,76
city4,2021,73
city5,2002,324
city5,2003,346
city5,2004,363
city5,2005,398
city5,2006,431
city5,2007,483
city5,2008,518
city5,2009,550
city5,2010,589
city5,2011,609
city5,2012,694
city5,2013,695
city5,2014,693
city5,2015,691
city5,2016,691
city5,2017,691
city5,2018,692
city5,2019,693
city5,2020,748
city5,2021,749
city6,2000,194
city6,2001,190
city6,2002,206
city6,2003,203
city6,2004,210
city6,2005,215
city6,2006,222
city6,2007,233
city6,2008,234
city6,2009,234
city6,2010,250
city6,2011,253
city6,2012,248
city6,2013,244
city6,2014,243
city6,2015,243
city6,2016,244
city6,2017,245
city6,2018,247
city6,2019,258
city6,2020,257
city6,2021,258
city7,2003,285
city7,2004,285
city7,2005,285
city7,2006,294
city7,2007,301
city7,2008,315
city7,2009,329
city7,2010,342
city7,2011,343
city7,2012,344
city7,2013,344
city7,2014,346
city7,2015,347
city7,2016,348
city7,2017,348
city7,2018,347
city7,2019,348
city7,2021,330
city8,2002,237
city8,2003,262
city8,2004,270
city8,2005,274
city8,2006,282
city8,2007,294
city8,2008,313
city8,2009,347
city8,2010,327
city8,2011,361
city8,2012,280
city8,2013,281
city8,2014,282
city8,2015,283
city8,2016,284
city8,2017,284
city8,2018,285
city8,2019,285
city8,2020,269
city8,2021,265
city9,2000,279
city9,2001,282
city9,2002,288
city9,2003,280
city9,2004,284
city9,2005,287
city9,2006,303
city9,2007,315
city9,2008,333
city9,2009,347
city9,2010,273
city9,2011,276
city9,2012,278
city9,2013,281
city9,2014,281
city9,2015,282
city9,2016,283
city9,2017,284
city9,2018,286
city9,2019,278
city9,2020,271
city9,2021,272
