city_id,year,primary_employment,secondary_employment,tertiary_employment,industry_employment_total
city1,2003,0,57,41,98
city1,2004,0,63,43,106
city1,2005,0,66,50,116
city1,2006,0,71,52,123
city1,2007,0,81,66,147
city1,2008,0,87,77,164
city1,2009,0,87,77,164
city1,2010,0,89,56,145
city1,2011,0,91,59,150
city1,2012,0,92,62,154
city1,2013,0,92,64,156
city1,2014,0,94,65,159
city1,2015,0,95,67,162
city1,2016,0,96,69,165
city1,2017,0,96,72,168
city1,2018,0,96,74,170
city1,2019,0,95,79,174
city1,2021,0,101,89,190
city10,2003,73,29,40,142
city10,2004,73,30,39,142
city10,2005,69,32,41,142
city10,2006,67,33,43,143
city10,2007,65,35,45,145
city10,2008,61,35,51,147
city10,2009,63,37,50,150
city10,2010,58,34,46,138
city10,2011,57,34,47,138
city10,2012,55,35,49,139
city10,2013,54,36,51,141
city10,2014,52,37,52,141
city10,2015,52,37,53,142
city10,2016,50,37,55,142
city10,2017,50,37,57,144
city10,2018,48,40,57,145
city10,2019,46,45,54,145
city10,2021,14,51,77,142
city11,2003,49,100,51,200
city11,2004,44,98,60,202
city11,2005,42,144,54,240
city11,2006,42,167,66,275
city11,2007,39,181,69,289
city11,2008,37,177,80,294
city11,2009,36,187,85,308
city11,2010,35,193,89,317
city11,2011,34,197,91,322
city11,2012,32,198,97,327
city11,2013,32,194,102,328
city11,2014,31,193,108,332
city11,2015,30,186,113,329
city11,2016,29,183,118,330
city11,2017,28,181,124,333
city11,2018,27,180,129,336
city11,2019,25,176,134,335
city11,2021,11,173,146,330
city12,2002,97,75,73,245
city12,2003,79,87,77,243
city12,2004,73,93,78,244
city12,2005,69,101,85,255
city12,2006,65,105,86,256
city12,2007,66,109,90,265
city12,2008,67,117,97,281
city12,2009,67,118,99,284
city12,2010,67,119,99,285
city12,2011,65,119,103,287
city12,2012,73,119,92,284
city12,2013,71,119,94,284
city12,2014,69,119,97,285
city12,2015,63,118,100,281
city12,2016,60,113,105,278
city12,2017,60,113,105,278
city12,2018,56,112,108,276
city12,2019,54,113,108,275
city12,2020,50,108,121,279
city12,2021,46,109,121,276
city13,2002,137,49,81,267
city13,2003,129,54,84,267
city13,2004,119,60,89,268
city13,2005,111,72,84,267
city13,2006,110,91,88,289
city13,2007,115,95,92,302
city13,2008,103,112,95,310
city13,2009,101,121,96,318
city13,2010,99,134,99,332
city13,2011,97,145,109,351
city13,2012,114,90,73,277
city13,2013,111,92,74,277
city13,2014,105,97,77,279
city13,2015,100,99,83,282
city13,2016,89,107,87,283
city13,2017,89,107,87,283
city13,2018,84,101,97,282
city13,2019,83,97,102,282
city13,2020,74,93,116,283
city13,2021,70,94,116,280
city14,2006,73,22,26,121
city14,2007,75,24,28,127
city14,2008,78,26,26,130
city14,2009,76,27,28,131
city14,2010,73,28,33,134
city14,2011,72,29,34,135
city14,2012,73,30,34,137
city14,2013,70,30,36,136
city14,2014,69,27,39,135
city14,2015,70,27,39,136
city14,2016,71,27,40,138
city14,2017,71,28,43,142
city14,2018,70,25,44,139
city14,2019,70,25,48,143
city14,2020,34,29,72,135
city14,2021,33,29,73,135
city15,2003,216,95,81,392
city15,2004,196,103,82,381
city15,2005,190,111,94,395
city15,2006,183,128,142,453
city15,2007,177,145,147,469
city15,2008,170,152,155,477
city15,2009,163,169,154,486
city15,2010,162,180,159,501
city15,2011,162,187,171,520
city15,2012,153,205,171,529
city15,2013,180,140,158,478
city15,2014,172,146,161,479
city15,2015,163,151,168,482
city15,2016,153,156,174,483
city15,2017,144,160,179,483
city15,2018,144,160,179,483
city15,2019,120,170,193,483
city15,2020,107,173,204,484
city15,2021,95,167,221,483
city16,2007,72,25,42,139
city16,2008,71,26,43,140
city16,2009,64,29,47,140
city16,2010,62,31,50,143
city16,2011,61,30,51,142
city16,2012,60,31,51,142
city16,2013,59,31,53,143
city16,2014,59,32,52,143
city16,2015,59,33,53,145
city16,2016,59,32,53,144
city16,2017,59,32,54,145
city16,2018,59,32,54,145
city16,2019,59,25,50,134
city16,2020,59,25,50,134
city16,2021,33,25,66,124
city17,2007,84,237,287,608
city17,2008,82,264,318,664
city17,2009,80,287,347,714
city17,2010,80,297,362,739
city17,2011,59,274,378,711
city17,2012,63,283,397,743
city17,2013,65,283,404,752
city17,2014,65,263,433,761
city17,2015,60,284,441,785
city17,2016,63,287,461,811
city17,2017,62,288,485,835
city17,2018,62,287,514,863
city17,2019,60,275,767,1102
city17,2020,62,267,797,1126
city17,2021,59,260,839,1158
city18,2003,46,88,57,191
city18,2004,39,99,62,200
city18,2005,35,115,68,218
city18,2006,33,129,80,242
city18,2007,31,140,85,256
city18,2008,30,151,90,271
city18,2009,30,163,98,291
city18,2010,29,170,104,303
city18,2011,28,180,116,324
city18,2012,22,153,102,277
city18,2013,32,148,101,281
city18,2014,32,147,102,281
city18,2015,31,146,104,281
city18,2016,31,144,107,282
city18,2017,30,142,109,281
city18,2018,30,142,109,281
city18,2019,29,137,115,281
city18,2020,29,137,116,282
city18,2021,27,133,141,301
city19,2004,102,123,80,305
city19,2005,98,128,89,315
city19,2006,93,128,91,312
city19,2007,83,138,96,317
city19,2008,77,146,103,326
city19,2009,76,146,105,327
city19,2010,75,149,106,330
city19,2011,72,167,107,346
city19,2012,71,160,112,343
city19,2013,68,162,113,343
city19,2014,68,163,114,345
city19,2015,68,164,114,346
city19,2016,68,163,115,346
city19,2017,68,163,116,347
city19,2018,68,162,119,349
city19,2019,69,164,121,354
city19,2020,69,162,124,355
city2,2002,45,111,67,223
city2,2003,39,140,81,260
city2,2004,35,150,89,274
city2,2005,34,159,96,289
city2,2006,30,172,106,308
city2,2007,28,183,114,325
city2,2008,26,199,125,350
city2,2009,24,200,140,364
city2,2010,23,210,149,382
city2,2011,20,212,154,386
city2,2012,18,224,147,389
city2,2013,18,223,149,390
city2,2014,18,221,151,390
city2,2015,18,219,153,390
city2,2016,17,215,155,387
city2,2017,17,215,155,387
city2,2018,16,214,159,389
city2,2019,15,213,159,387
city2,2020,14,206,199,419
city2,2021,13,207,199,419
city20,2004,62,30,28,120
city20,2005,61,33,30,124
city20,2006,60,34,31,125
city20,2007,58,38,33,129
city20,2008,57,38,35,130
city20,2009,57,38,37,132
city20,2010,56,39,39,134
city20,2011,55,37,36,128
city20,2012,54,39,38,131
city20,2013,53,40,40,133
city20,2014,53,40,40,133
city20,2015,53,30,51,134
city20,2016,51,39,40,130
city20,2017,50,40,43,133
city20,2018,50,40,44,134
city20,2019,49,40,46,135
city20,2020,47,43,45,135
city21,2004,102,182,166,450
city21,2005,93,198,165,456
city21,2006,92,222,167,481
city21,2007,87,235,191,513
city21,2008,84,245,204,533
city21,2009,80,264,225,569
city21,2010,80,278,239,597
city21,2011,76,286,264,626
city21,2012,72,289,276,637
city21,2013,70,290,284,644
city21,2014,70,292,289,651
city21,2015,66,287,302,655
city21,2016,67,272,324,663
city21,2017,66,262,349,677
city21,2018,66,258,357,681
city21,2019,60,244,392,696
city21,2020,57,257,407,721
city22,2003,58,93,119,270
city22,2004,52,101,128,281
city22,2005,45,101,138,284
city22,2006,43,132,143,318
city22,2007,37,139,151,327
city22,2008,45,153,169,367
city22,2009,46,153,181,380
city22,2010,46,169,193,408
city22,2011,51,175,232,458
city22,2012,44,176,248,468
city22,2013,49,151,252,452
city22,2014,49,150,254,453
city22,2015,47,150,256,453
city22,2016,47,149,260,456
city22,2017,46,149,261,456
city22,2018,46,149,261,456
city22,2019,43,146,274,463
city22,2020,40,145,280,465
city22,2021,38,150,296,484
city23,2007,10,42,47,99
city23,2008,7,43,49,99
city23,2009,7,44,51,102
city23,2010,7,42,46,95
city23,2011,6,46,51,103
city23,2012,6,46,51,103
city23,2013,6,49,50,105
city23,2014,6,54,46,106
city23,2015,6,55,47,108
city23,2016,7,55,47,109
city23,2017,6,55,49,110
city23,2018,6,55,51,112
city23,2019,6,67,92,165
city23,2020,6,65,90,161
city23,2021,5,60,83,148
city24,2004,0,38,42,80
city24,2005,0,39,41,80
city24,2006,0,46,52,98
city24,2007,0,49,52,101
city24,2008,0,57,61,118
city24,2009,0,58,63,121
city24,2010,0,56,67,123
city24,2011,0,62,66,128
city24,2012,0,61,72,133
city24,2013,0,69,72,141
city24,2014,0,72,76,148
city24,2015,0,67,75,142
city24,2016,0,57,75,132
city24,2017,0,58,78,136
city24,2018,0,54,77,131
city24,2019,0,55,75,130
city24,2020,0,58,88,146
city25,2004,88,198,100,386
city25,2005,80,201,115,396
city25,2006,76,213,126,415
city25,2007,71,224,135,430
city25,2008,68,229,142,439
city25,2009,65,233,143,441
city25,2010,69,239,135,443
city25,2011,32,266,178,476
city25,2012,33,274,188,495
city25,2013,30,275,197,502
city25,2014,29,274,200,503
city25,2015,19,273,219,511
city25,2016,19,271,220,510
city25,2017,18,272,230,520
city25,2018,16,275,240,531
city25,2019,16,271,254,541
city25,2020,16,319,254,589
city26,2003,185,140,71,396
city26,2004,172,160,99,431
city26,2005,158,171,103,432
city26,2006,134,178,132,444
city26,2007,108,191,150,449
city26,2008,97,204,156,457
city26,2009,90,201,163,454
city26,2010,85,207,169,461
city26,2011,81,216,167,464
city26,2012,76,216,173,465
city26,2013,115,214,140,469
city26,2014,107,217,143,467
city26,2015,102,216,144,462
city26,2016,97,215,148,460
city26,2017,96,213,149,458
city26,2018,96,213,149,458
city26,2019,84,212,160,456
city26,2020,80,211,161,452
city26,2021,72,204,210,486
city27,2007,71,68,43,182
city27,2008,71,71,45,187
city27,2009,70,105,63,238
city27,2010,71,108,65,244
city27,2011,71,104,63,238
city27,2012,70,105,64,239
city27,2013,69,107,63,239
city27,2014,65,110,65,240
city27,2015,65,108,65,238
city27,2016,64,109,65,238
city27,2017,63,109,67,239
city27,2018,62,108,69,239
city27,2019,60,98,89,247
city27,2020,60,101,87,248
city27,2021,37,97,112,246
city28,2004,1,64,42,107
city28,2005,1,73,42,116
city28,2006,1,80,44,125
city28,2007,1,85,44,130
city28,2008,1,84,46,131
city28,2009,0,80,46,126
city28,2010,1,75,47,123
city28,2011,1,76,48,125
city28,2012,0,78,50,128
city28,2013,0,77,52,129
city28,2014,0,87,60,147
city28,2015,0,84,66,150
city28,2016,0,83,67,150
city28,2017,0,77,68,145
city28,2018,0,75,71,146
city28,2019,0,70,75,145
city28,2020,0,62,85,147
city29,2004,122,127,109,358
city29,2005,106,137,121,364
city29,2006,104,140,125,369
city29,2007,101,143,126,370
city29,2008,89,153,132,374
city29,2009,84,157,134,375
city29,2010,78,162,138,378
city29,2011,75,160,132,367
city29,2012,76,162,133,371
city29,2013,75,171,143,389
city29,2014,75,175,147,397
city29,2015,74,179,150,403
city29,2016,72,182,153,407
city29,2017,70,181,152,403
city29,2018,69,182,155,406
city29,2019,68,184,156,408
city29,2020,67,184,158,409
city3,2006,2,372,274,648
city3,2007,1,355,300,656
city3,2008,1,362,307,670
city3,2009,0,374,318,692
city3,2010,0,390,367,757
city3,2011,0,383,381,764
city3,2012,0,373,398,771
city3,2013,0,437,462,899
city3,2014,0,432,468,900
city3,2015,0,423,483,906
city3,2016,0,418,508,926
city3,2017,2,419,522,943
city3,2018,2,515,775,1292
city3,2019,1,509,773,1283
city3,2020,1,479,759,1239
city3,2021,1,486,758,1245
city30,2003,111,44,54,209
city30,2004,106,43,53,202
city30,2005,103,50,61,214
city30,2006,100,59,68,227
city30,2007,95,72,75,242
city30,2008,93,81,99,273
city30,2009,93,83,101,277
city30,2010,93,92,106,291
city30,2011,92,96,114,302
city30,2012,88,101,119,308
city30,2013,83,78,89,250
city30,2014,82,78,90,250
city30,2015,79,81,91,251
city30,2016,79,81,91,251
city30,2017,79,81,91,251
city30,2018,79,81,91,251
city30,2019,78,82,91,251
city30,2020,76,73,101,250
city30,2021,70,77,106,253
city31,2007,85,81,55,221
city31,2008,86,89,58,233
city31,2009,80,93,60,233
city31,2010,82,91,60,233
city31,2011,78,106,66,250
city31,2012,77,110,66,253
city31,2013,76,105,67,248
city31,2014,79,100,66,245
city31,2015,81,96,66,243
city31,2016,79,96,68,243
city31,2017,79,96,69,244
city31,2018,79,97,69,245
city31,2019,78,87,116,281
city31,2020,78,87,108,273
city31,2021,32,84,141,257
city32,2004,0,29,18,47
city32,2005,0,29,18,47
city32,2006,0,38,19,57
city32,2007,0,39,18,57
city32,2008,0,38,19,57
city32,2009,0,39,20,59
city32,2010,0,40,21,61
city32,2011,0,41,22,63
city32,2012,0,47,25,72
city32,2013,0,51,26,77
city32,2014,0,65,28,93
city32,2015,0,63,29,92
city32,2016,0,59,29,88
city32,2017,0,55,29,84
city32,2018,0,52,29,81
city32,2019,0,49,28,77
city32,2020,0,39,30,69
city33,2004,125,143,177,445
city33,2005,103,192,153,448
city33,2006,102,193,193,488
city33,2007,82,236,191,509
city33,2008,92,241,184,517
city33,2009,81,261,195,537
city33,2010,86,262,198,546
city33,2011,75,273,210,558
city33,2012,73,229,274,576
city33,2013,67,245,265,577
city33,2014,67,248,260,575
city33,2015,64,277,227,568
city33,2016,64,284,227,575
city33,2017,62,276,236,574
city33,2018,62,276,237,575
city33,2019,62,275,238,575
city33,2020,61,270,245,576
city34,2003,146,68,111,325
city34,2004,131,80,112,323
city34,2005,118,87,113,318
city34,2006,116,88,114,318
city34,2007,115,89,115,319
city34,2008,116,95,119,330
city34,2009,124,101,111,336
city34,2010,114,105,123,342
city34,2011,111,110,127,348
city34,2012,107,117,133,357
city34,2013,140,143,165,448
city34,2014,133,147,167,447
city34,2015,126,151,168,445
city34,2016,115,157,174,446
city34,2017,110,160,176,446
city34,2018,110,160,176,446
city34,2019,96,159,177,432
city34,2020,95,159,177,431
city34,2021,85,153,180,418
city35,2007,209,37,66,312
city35,2008,211,35,66,312
city35,2009,206,39,68,313
city35,2010,196,42,74,312
city35,2011,202,42,76,320
city35,2012,204,47,78,329
city35,2013,203,48,81,332
city35,2014,202,51,83,336
city35,2015,205,51,85,341
city35,2016,204,52,86,342
city35,2017,205,52,87,344
city35,2018,205,52,87,344
city35,2019,196,52,147,395
city35,2020,193,53,145,391
city35,2021,97,75,149,321
city36,2004,1,16,15,32
city36,2005,1,16,16,33
city36,2006,0,20,15,35
city36,2007,0,20,15,35
city36,2008,0,19,15,34
city36,2009,0,19,16,35
city36,2010,0,18,16,34
city36,2011,0,19,17,36
city36,2012,0,23,15,38
city36,2013,0,25,16,41
city36,2014,0,32,19,51
city36,2015,0,29,19,48
city36,2016,0,28,19,47
city36,2017,0,26,19,45
city36,2018,0,24,19,43
city36,2019,0,19,18,37
city36,2020,0,16,19,35
city37,2003,65,79,75,219
city37,2004,58,90,76,224
city37,2005,53,97,78,228
city37,2006,50,105,81,236
city37,2007,47,112,84,243
city37,2008,45,128,86,259
city37,2009,43,136,94,273
city37,2010,40,145,101,286
city37,2011,39,152,107,298
city37,2012,35,156,112,303
city37,2013,53,121,92,266
city37,2014,52,121,93,266
city37,2015,51,118,97,266
city37,2016,48,118,98,264
city37,2017,46,116,101,263
city37,2018,46,116,101,263
city37,2019,39,120,107,266
city37,2020,37,115,116,268
city37,2021,41,103,128,272
city38,2007,107,55,55,217
city38,2008,108,56,57,221
city38,2009,116,60,63,239
city38,2010,115,58,63,236
city38,2011,119,49,45,213
city38,2012,117,52,46,215
city38,2013,116,52,47,215
city38,2014,116,52,48,216
city38,2015,114,54,50,218
city38,2016,112,55,51,218
city38,2017,106,57,57,220
city38,2018,107,57,58,222
city38,2019,105,48,83,236
city38,2020,104,49,78,231
city38,2021,51,46,104,201
city39,2004,0,22,9,31
city39,2005,0,21,10,31
city39,2006,0,22,12,34
city39,2007,0,22,13,35
city39,2008,0,22,14,36
city39,2009,1,22,15,38
city39,2010,1,22,16,39
city39,2011,1,23,17,41
city39,2012,1,29,16,46
city39,2013,0,29,17,46
city39,2014,0,32,17,49
city39,2015,0,31,17,48
city39,2016,0,27,17,44
city39,2017,0,26,17,43
city39,2018,0,23,17,40
city39,2019,0,21,16,37
city39,2020,0,20,18,38
city4,2003,19,18,17,54
city4,2004,16,19,21,56
city4,2005,14,20,22,56
city4,2006,13,21,22,56
city4,2007,12,21,25,58
city4,2008,11,27,26,64
city4,2009,11,28,27,66
city4,2010,11,26,29,66
city4,2011,11,26,32,69
city4,2012,10,25,37,72
city4,2013,11,31,31,73
city4,2014,10,30,34,74
city4,2015,11,30,34,75
city4,2016,11,30,34,75
city4,2017,11,29,35,75
city4,2018,11,29,35,75
city4,2019,11,29,36,76
city4,2021,8,32,33,73
city40,2003,44,55,42,141
city40,2004,39,60,41,140
city40,2005,37,63,45,145
city40,2006,35,68,45,148
city40,2007,33,75,46,154
city40,2008,30,81,46,157
city40,2009,32,84,49,165
city40,2010,32,88,54,174
city40,2011,34,90,58,182
city40,2012,26,96,69,191
city40,2013,24,92,76,192
city40,2014,24,91,77,192
city40,2015,24,90,79,193
city40,2016,23,89,81,193
city40,2017,22,88,84,194
city40,2018,22,88,84,194
city40,2019,22,85,88,195
city40,2020,22,84,90,196
city40,2021,20,79,100,199
city5,2002,62,161,101,324
city5,2003,55,195,96,346
city5,2004,49,211,103,363
city5,2005,43,232,123,398
city5,2006,36,264,132,432
city5,2007,34,307,143,484
city5,2008,32,304,182,518
city5,2009,30,314,206,550
city5,2010,28,330,231,589
city5,2011,26,336,247,609
city5,2012,25,427,242,694
city5,2013,25,426,244,695
city5,2014,25,420,249,694
city5,2015,24,415,253,692
city5,2016,24,412,256,692
city5,2017,24,412,256,692
city5,2018,22,406,265,693
city5,2019,21,404,268,693
city5,2020,19,384,344,747
city5,2021,18,386,345,749
city6,2006,29,197,125,351
city6,2007,28,203,128,359
city6,2008,28,197,137,362
city6,2009,27,206,148,381
city6,2010,26,264,153,443
city6,2011,26,265,154,445
city6,2012,27,258,152,437
city6,2013,25,257,156,438
city6,2014,22,257,159,438
city6,2015,22,253,164,439
city6,2016,22,252,165,439
city6,2017,21,247,167,435
city6,2018,19,264,247,530
city6,2019,21,263,248,532
city6,2020,23,297,279,599
city6,2021,22,301,277,600
city7,2003,80,137,68,285
city7,2004,75,140,70,285
city7,2005,65,148,73,286
city7,2006,56,157,81,294
city7,2007,53,162,87,302
city7,2008,53,170,93,316
city7,2009,52,172,105,329
city7,2010,51,181,110,342
city7,2011,52,181,111,344
city7,2012,51,180,112,343
city7,2013,51,179,114,344
city7,2014,46,179,120,345
city7,2015,46,178,123,347
city7,2016,46,178,124,348
city7,2017,45,178,125,348
city7,2018,45,175,127,347
city7,2019,45,173,130,348
city7,2021,18,160,152,330
city8,2002,138,45,53,236
city8,2003,126,45,90,261
city8,2004,118,48,104,270
city8,2005,112,55,107,274
city8,2006,101,68,112,281
city8,2007,99,82,114,295
city8,2008,97,95,121,313
city8,2009,98,110,139,347
city8,2010,94,104,128,326
city8,2011,94,126,142,362
city8,2012,84,85,112,281
city8,2013,83,85,114,282
city8,2014,80,88,114,282
city8,2015,79,89,115,283
city8,2016,78,90,116,284
city8,2017,78,90,116,284
city8,2018,77,90,118,285
city8,2019,76,90,119,285
city8,2020,70,85,113,268
city8,2021,66,86,113,265
city9,2006,171,68,64,303
city9,2007,171,81,62,314
city9,2008,184,81,67,332
city9,2009,184,88,75,347
city9,2010,149,58,67,274
city9,2011,149,56,71,276
city9,2012,147,57,74,278
city9,2013,145,60,76,281
city9,2014,142,61,78,281
city9,2015,142,62,78,282
city9,2016,142,62,79,283
city9,2017,140,64,81,285
city9,2018,136,62,129,327
city9,2019,136,62,126,324
city9,2020,79,61,131,271
city9,2021,77,62,133,272
