city_id,year,disposable_income,consumption_expenditures,urban_consumption_expenditures,rural_consumption_expenditures,urban_disposable_income,rural_disposable_income
city1,2011,,,,,,
city1,2012,,,,,,
city1,2013,,,,12440.0,35750.0,20256.0
city1,2014,,,23196.0,14836.0,38955.0,22404.0
city1,2015,31508.0,20356.0,24872.0,16112.0,42235.0,24408.0
city1,2016,34248.0,22020.0,26812.0,17608.0,45790.0,26508.0
city1,2017,37192.0,23216.0,27728.0,18664.0,49930.0,28996.0
city1,2018,40700.0,24420.0,28960.0,20716.0,54390.0,31764.0
city1,2019,44484.0,26964.0,31828.0,22612.0,59025.0,34800.0
city1,2020,48672.0,29656.0,34916.0,22984.0,61740.0,37244.0
city1,2021,51800.0,30412.0,35488.0,27132.0,67980.0,41300.0
city1,2022,57492.0,35870.0,41532.0,29356.0,71040.0,44112.0
city10,2011,,,,,,
city10,2012,,,,,,
city10,2013,,,,10080.0,28005.0,12168.0
city10,2014,,,20004.0,11480.0,30410.0,13632.0
city10,2015,22424.0,16920.0,21864.0,12676.0,32875.0,15000.0
city10,2016,24400.0,18396.0,23556.0,13936.0,35965.0,16456.0
city10,2017,26756.0,19932.0,25296.0,15220.0,38995.0,18072.0
city10,2018,29328.0,21568.0,27016.0,16620.0,42555.0,19920.0
city10,2019,32244.0,23508.0,29268.0,18140.0,46435.0,21928.0
city10,2020,35448.0,25716.0,31876.0,18332.0,48530.0,23636.0
city10,2021,37744.0,25940.0,31756.0,21612.0,53255.0,26384.0
city10,2022,42036.0,30385.0,36676.0,23576.0,55780.0,28468.0
city11,2011,,,,,,
city11,2012,,,,,,
city11,2013,,,,13440.0,38670.0,22396.0
city11,2014,,,21104.0,16160.0,42140.0,24676.0
city11,2015,34316.0,20304.0,23032.0,17520.0,45495.0,26836.0
city11,2016,37136.0,22336.0,25544.0,18864.0,48925.0,28996.0
city11,2017,40116.0,24136.0,28312.0,20240.0,53055.0,31436.0
city11,2018,43504.0,25616.0,29872.0,21708.0,57435.0,34276.0
city11,2019,47380.0,27736.0,32364.0,23824.0,61940.0,37412.0
city11,2020,51612.0,30544.0,35432.0,24480.0,64120.0,39800.0
city11,2021,54664.0,31756.0,36384.0,28508.0,69835.0,43596.0
city11,2022,60048.0,37155.0,42304.0,30568.0,72095.0,46276.0
city12,2011,,,,,23595.0,11044.0
city12,2012,,,,,26570.0,12492.0
city12,2013,,,,,29110.0,13980.0
city12,2014,,,,,31345.0,15076.0
city12,2015,,,,,34090.0,16408.0
city12,2016,,,,,36825.0,17860.0
city12,2017,,,,,40055.0,19492.0
city12,2018,,,,,43450.0,21216.0
city12,2019,,,,,47215.0,23116.0
city12,2020,,,,,49100.0,24612.0
city12,2021,,,,,53815.0,27400.0
city12,2022,,,,,56575.0,29416.0
city13,2011,,,,,,
city13,2012,,,,,16990.0,
city13,2013,,,,,18845.0,
city13,2014,,,,,20395.0,10700.0
city13,2015,,,,,22230.0,12772.0
city13,2016,,,,,24085.0,13928.0
city13,2017,,,,,26115.0,15268.0
city13,2018,,,,,28280.0,16636.0
city13,2019,,,,,30610.0,18120.0
city13,2020,,,,,32015.0,19464.0
city13,2021,,,,,35055.0,21576.0
city13,2022,,,,,36755.0,23056.0
city14,2011,,,8368.0,5880.0,14735.0,6732.0
city14,2012,,,9816.0,6204.0,16520.0,7772.0
city14,2013,,,11200.0,6944.0,18435.0,8772.0
city14,2014,,,12232.0,8192.0,18245.0,9884.0
city14,2015,13280.0,9976.0,12464.0,8940.0,20015.0,10800.0
city14,2016,14548.0,10764.0,13428.0,10208.0,21815.0,12044.0
city14,2017,16076.0,12236.0,15120.0,11484.0,23780.0,13300.0
city14,2018,17716.0,13580.0,16456.0,12436.0,25490.0,14620.0
city14,2019,19396.0,14592.0,17340.0,13436.0,27125.0,16028.0
city14,2020,21052.0,15604.0,18228.0,13988.0,28015.0,17312.0
city14,2021,22288.0,16000.0,18320.0,16020.0,30445.0,19144.0
city14,2022,24624.0,18025.0,20164.0,,,
city16,2011,,,12908.0,4928.0,18020.0,6316.0
city16,2012,,,14392.0,6192.0,20325.0,7460.0
city16,2013,,,16288.0,6628.0,23180.0,8576.0
city16,2014,,,17640.0,7324.0,25590.0,9580.0
city16,2015,16620.0,12220.0,15220.0,8824.0,21580.0,10532.0
city16,2016,18140.0,13380.0,16588.0,9652.0,23500.0,11604.0
city16,2017,19972.0,14800.0,18140.0,10824.0,25850.0,12788.0
city16,2018,21864.0,16052.0,19628.0,11808.0,28305.0,14104.0
city16,2019,23672.0,17204.0,20804.0,12712.0,30285.0,15432.0
city16,2020,25804.0,18724.0,22468.0,13860.0,32630.0,16940.0
city16,2021,27544.0,18800.0,22160.0,14268.0,34415.0,18288.0
city16,2022,30204.0,21330.0,25072.0,16304.0,37620.0,20252.0
city17,2011,,,25008.0,8984.0,30655.0,12672.0
city17,2012,,,28204.0,9900.0,34435.0,14816.0
city17,2013,,,30488.0,10960.0,38050.0,16788.0
city17,2014,,,33152.0,11684.0,42045.0,18884.0
city17,2015,39224.0,30572.0,33380.0,12864.0,42950.0,17660.0
city17,2016,42712.0,32884.0,35748.0,14084.0,46730.0,19320.0
city17,2017,46664.0,35384.0,38392.0,17592.0,50940.0,21448.0
city17,2018,50780.0,37492.0,40632.0,18928.0,55400.0,23480.0
city17,2019,55272.0,39464.0,42180.0,20628.0,59980.0,26020.0
city17,2020,60068.0,42304.0,45044.0,22520.0,65050.0,28864.0
city17,2021,63284.0,41400.0,44280.0,22988.0,68300.0,31264.0
city17,2022,68904.0,44245.0,47160.0,26092.0,74415.0,34532.0
city18,2011,,,,,26265.0,12636.0
city18,2012,,,,,29825.0,14836.0
city18,2013,,,,,33585.0,
city18,2014,,,,,,
city18,2015,,20604.0,,,39480.0,20132.0
city18,2016,,22228.0,,,42710.0,21912.0
city18,2017,,23980.0,,,46055.0,23776.0
city18,2018,,25492.0,,,49955.0,25832.0
city18,2019,,26860.0,,,53995.0,28012.0
city18,2020,,28768.0,,,58340.0,30488.0
city18,2021,,28288.0,,,60525.0,32364.0
city18,2022,,34070.0,,,65820.0,35820.0
city19,2011,,,,,,
city19,2012,,,,,,
city19,2013,,,,,,
city19,2014,,,23504.0,11804.0,36385.0,16660.0
city19,2015,31592.0,20948.0,25624.0,13520.0,39805.0,18544.0
city19,2016,34372.0,22668.0,27700.0,14628.0,43190.0,20296.0
city19,2017,37152.0,24960.0,30308.0,16264.0,46550.0,21896.0
city19,2018,40624.0,26660.0,32364.0,17144.0,50650.0,23920.0
city19,2019,44324.0,28624.0,34500.0,18548.0,54880.0,26216.0
city19,2020,48152.0,30908.0,37164.0,19928.0,59345.0,28508.0
city19,2021,50580.0,30944.0,36824.0,20108.0,61545.0,30364.0
city19,2022,55878.0,36465.0,43028.0,23812.0,67370.0,33708.0
city2,2011,,,,,,
city2,2012,,,,,35660.0,18508.0
city2,2013,,,,,38995.0,20584.0
city2,2014,,,,,41730.0,22264.0
city2,2015,,,,,45125.0,24152.0
city2,2016,,,,,48625.0,26156.0
city2,2017,,,,,52655.0,28356.0
city2,2018,,,,,56985.0,30784.0
city2,2019,,,,,61915.0,33572.0
city2,2020,,,,,64710.0,35748.0
city2,2021,,,,,70480.0,39620.0
city2,2022,,,,,73330.0,41932.0
city20,2011,,,,,,
city20,2012,,,,,,
city20,2013,,,,,,
city20,2014,,,16992.0,9072.0,27980.0,13808.0
city20,2015,22432.0,13872.0,18352.0,9980.0,30580.0,15352.0
city20,2016,24460.0,14692.0,19388.0,10628.0,33210.0,16884.0
city20,2017,26744.0,15864.0,20872.0,11448.0,36185.0,18420.0
city20,2018,29372.0,16788.0,21928.0,12180.0,39575.0,20224.0
city20,2019,32264.0,18732.0,24268.0,13624.0,43125.0,22252.0
city20,2020,35408.0,20632.0,26532.0,15004.0,46930.0,24424.0
city20,2021,37932.0,21024.0,26800.0,15112.0,49300.0,26288.0
city20,2022,42648.0,25040.0,31428.0,17868.0,54575.0,29264.0
city21,2011,,,,,,
city21,2012,,,,,,
city21,2013,,,,,,
city21,2014,,,30656.0,16020.0,40923.0,35763.0
city21,2015,39236.0,28491.0,32164.0,17814.0,44631.0,39237.0
city21,2016,42640.0,30180.0,33816.0,19332.0,48315.0,42642.0
city21,2017,46116.0,31905.0,35684.0,20562.0,52185.0,46116.0
city21,2018,49832.0,34146.0,38176.0,21981.0,56274.0,49830.0
city21,2019,54348.0,37368.0,41612.0,24201.0,61170.0,54348.0
city21,2020,59260.0,40014.0,44076.0,26295.0,66066.0,59259.0
city21,2021,61876.0,38235.0,41916.0,25662.0,68664.0,61878.0
city21,2022,67708.0,446007.0,48628.0,30222.0,74700.0,67707.0
city22,2011,,,18156.0,,,
city22,2012,,,20763.0,,,
city22,2013,,,23493.0,,,
city22,2014,,,25647.0,12390.0,,16530.0
city22,2015,,,25854.0,12816.0,,17661.0
city22,2016,,,27792.0,14040.0,,19482.0
city22,2017,,,29772.0,15771.0,,21156.0
city22,2018,,,31383.0,17154.0,,23133.0
city22,2019,,,33537.0,18456.0,,25263.0
city22,2020,,,35931.0,19980.0,,27636.0
city22,2021,,,35853.0,19419.0,,29619.0
city22,2022,,,42486.0,24006.0,,32700.0
city23,2011,,,20368.0,8070.0,25380.0,10185.0
city23,2012,,,21160.0,8895.0,28728.0,11856.0
city23,2013,,,24080.0,10098.0,32976.0,13398.0
city23,2014,,,26128.0,11415.0,36372.0,14940.0
city23,2015,33232.0,25125.0,26636.0,14301.0,35286.0,18393.0
city23,2016,36156.0,27198.0,28740.0,16044.0,38322.0,20508.0
city23,2017,40152.0,30477.0,32148.0,18372.0,42537.0,22887.0
city23,2018,44040.0,32979.0,34732.0,20037.0,46824.0,23496.0
city23,2019,48104.0,35079.0,36816.0,20472.0,50712.0,26196.0
city23,2020,52492.0,38211.0,40028.0,22572.0,55218.0,29067.0
city23,2021,55936.0,36357.0,37776.0,22497.0,58473.0,31116.0
city23,2022,61388.0,42333.0,43956.0,26928.0,64233.0,34392.0
city24,2011,,,15972.0,,25320.0,
city24,2012,,,18045.0,,28890.0,
city24,2013,,,20031.0,,32568.0,
city24,2014,,,21666.0,,35646.0,
city24,2015,,,22980.0,,38760.0,
city24,2016,,,26316.0,,39888.0,
city24,2017,,,28536.0,,43050.0,
city24,2018,,,30726.0,,46641.0,
city24,2019,,,32976.0,,50145.0,
city24,2020,,,26637.0,,41472.0,
city24,2021,,,34389.0,,53328.0,
city24,2022,,,36864.0,,57447.0,
city25,2011,,,,,,
city25,2012,,,,,,
city25,2013,,,,,,
city25,2014,,,25012.0,14442.0,40425.0,34656.0
city25,2015,38072.0,24324.0,27892.0,16227.0,44154.0,38073.0
city25,2016,41372.0,26055.0,29644.0,17799.0,47850.0,41373.0
city25,2017,44640.0,27891.0,31584.0,19311.0,51558.0,44640.0
city25,2018,48232.0,29316.0,33196.0,20238.0,55656.0,48231.0
city25,2019,52400.0,32199.0,36712.0,21246.0,60132.0,52401.0
city25,2020,56980.0,33942.0,38272.0,22797.0,64884.0,56982.0
city25,2021,59952.0,34455.0,38700.0,23481.0,68007.0,59952.0
city25,2022,65436.0,40476.0,45360.0,27450.0,73869.0,65436.0
city27,2011,,,13218.0,5958.0,15177.0,6516.0
city27,2012,,,15744.0,6585.0,17472.0,7893.0
city27,2013,,,17985.0,7296.0,20022.0,9030.0
city27,2014,,,19548.0,7944.0,22206.0,10095.0
city27,2015,17264.0,14562.0,18036.0,9525.0,21444.0,11190.0
city27,2016,18996.0,16179.0,19350.0,10797.0,23259.0,12453.0
city27,2017,20712.0,17532.0,20721.0,12018.0,25119.0,13662.0
city27,2018,22520.0,18789.0,21777.0,13344.0,27174.0,14904.0
city27,2019,24428.0,19185.0,21996.0,14052.0,29076.0,16245.0
city27,2020,26612.0,20943.0,23853.0,15372.0,31413.0,17733.0
city27,2021,28220.0,21255.0,24048.0,15741.0,32919.0,18960.0
city27,2022,30968.0,22491.0,25266.0,16914.0,35598.0,20817.0
city28,2011,,,17529.0,,24996.0,
city28,2012,,,19296.0,,28566.0,
city28,2013,,,20391.0,,32142.0,
city28,2014,,,22059.0,,35226.0,
city28,2015,,,24015.0,,38292.0,
city28,2016,,,26049.0,,40368.0,
city28,2017,,,28284.0,,43596.0,
city28,2018,,,30567.0,,47175.0,
city28,2019,,,32889.0,,50817.0,
city28,2020,,,29499.0,,45450.0,
city28,2021,,,35934.0,,55902.0,
city28,2022,,,38571.0,,60237.0,
city29,2011,,,,,,
city29,2012,,,,,,
city29,2013,,,,,,
city29,2014,,,24028.0,13641.0,36480.0,28215.0
city29,2015,30948.0,21639.0,26456.0,15306.0,39762.0,30948.0
city29,2016,33788.0,23820.0,28892.0,17100.0,43266.0,33786.0
city29,2017,36912.0,25143.0,30020.0,18597.0,47160.0,36915.0
city29,2018,40436.0,27129.0,32512.0,19707.0,51372.0,40437.0
city29,2019,43972.0,29421.0,35100.0,21510.0,55704.0,43971.0
city29,2020,47988.0,31767.0,37616.0,23364.0,60351.0,47988.0
city29,2021,50640.0,30969.0,36128.0,23001.0,62598.0,50643.0
city29,2022,55496.0,36225.0,42096.0,26838.0,68052.0,55497.0
city3,2011,,,22804.0,,36505.0,
city3,2012,,,24080.0,,40740.0,
city3,2013,,,26728.0,,44650.0,
city3,2014,,,28812.0,,40945.0,
city3,2015,40948.0,28852.0,28852.0,,44630.0,
city3,2016,44632.0,32356.0,32356.0,,48695.0,
city3,2017,48692.0,36480.0,36480.0,,52935.0,
city3,2018,52936.0,38320.0,38320.0,,57540.0,
city3,2019,57544.0,40532.0,40532.0,,62520.0,
city3,2020,62520.0,43112.0,43112.0,,64875.0,
city3,2021,64876.0,40580.0,40580.0,,70845.0,
city3,2022,70842.0,46280.0,46284.0,,,
city30,2011,,,,,,
city30,2012,,,,,,
city30,2013,,,,,24342.0,
city30,2014,,,,,26898.0,
city30,2015,,,,,23595.0,11697.0
city30,2016,,,,,25728.0,12777.0
city30,2017,,,,,27852.0,13932.0
city30,2018,,,,,30291.0,15273.0
city30,2019,,,,,32748.0,16605.0
city30,2020,,,,,35388.0,18060.0
city30,2021,,,,,36720.0,19236.0
city30,2022,,,,,39861.0,21372.0
city31,2011,,,15558.0,6411.0,,8586.0
city31,2012,,,17076.0,7608.0,,9993.0
city31,2013,,,18447.0,8355.0,,11343.0
city31,2014,,,19905.0,9396.0,,12684.0
city31,2015,20584.0,14256.0,16761.0,9189.0,,12744.0
city31,2016,22364.0,15609.0,18330.0,10323.0,,13815.0
city31,2017,24424.0,17280.0,20457.0,11583.0,,15225.0
city31,2018,26848.0,19302.0,22905.0,12654.0,,16473.0
city31,2019,29544.0,19749.0,23235.0,13041.0,,18153.0
city31,2020,32320.0,21645.0,25677.0,13641.0,,19872.0
city31,2021,33664.0,21897.0,25476.0,14727.0,,21129.0
city31,2022,37068.0,24192.0,27912.0,16422.0,,23376.0
city32,2011,,,13722.0,,21783.0,
city32,2012,,,15993.0,,24954.0,
city32,2013,,,16917.0,,28188.0,
city32,2014,,,18423.0,,30888.0,
city32,2015,,,19902.0,,33534.0,
city32,2016,,,22119.0,,33792.0,
city32,2017,,,23697.0,,36435.0,
city32,2018,,,25260.0,,39408.0,
city32,2019,,,26973.0,,42276.0,
city32,2020,,,24537.0,,37542.0,
city32,2021,,,29469.0,,46413.0,
city32,2022,,,31674.0,,50094.0,
city33,2011,,,,,,
city33,2012,,,,,,
city33,2013,,,,,,
city33,2014,,,,,,30600.0
city33,2015,33476.0,22866.0,,,,33477.0
city33,2016,36456.0,24798.0,,,,36459.0
city33,2017,39600.0,26232.0,,,,39600.0
city33,2018,43184.0,28626.0,,,,43185.0
city33,2019,46920.0,31212.0,,,,46920.0
city33,2020,51488.0,34107.0,,,,51489.0
city33,2021,54024.0,34281.0,,,,54024.0
city33,2022,59588.0,39900.0,,,,59586.0
city35,2011,,,11823.0,4578.0,15303.0,6909.0
city35,2012,,,14055.0,5631.0,17583.0,8256.0
city35,2013,,,15615.0,6909.0,20226.0,9561.0
city35,2014,,,17115.0,7905.0,22371.0,10689.0
city35,2015,15300.0,11436.0,15921.0,8517.0,21315.0,11379.0
city35,2016,16628.0,12273.0,17091.0,9180.0,23127.0,12405.0
city35,2017,17932.0,13302.0,18414.0,9921.0,24885.0,13335.0
city35,2018,19628.0,14511.0,20013.0,10731.0,27117.0,14481.0
city35,2019,21424.0,15300.0,20214.0,11730.0,29046.0,15888.0
city35,2020,23320.0,16311.0,21057.0,12729.0,31239.0,17340.0
city35,2021,24984.0,16557.0,21006.0,13071.0,32925.0,18756.0
city35,2022,27644.0,18858.0,23268.0,15180.0,35988.0,20691.0
city36,2011,,,11409.0,,17628.0,
city36,2012,,,13461.0,,20193.0,
city36,2013,,,14916.0,,22959.0,
city36,2014,,,16200.0,,25236.0,
city36,2015,,,17586.0,,27594.0,
city36,2016,,,14742.0,,25791.0,
city36,2017,,,15930.0,,27705.0,
city36,2018,,,17247.0,,29922.0,
city36,2019,,,18546.0,,32001.0,
city36,2020,,,15822.0,,26289.0,
city36,2021,,,20370.0,,35097.0,
city36,2022,,,22029.0,,37842.0,
city38,2011,,,12162.0,5079.0,16830.0,7524.0
city38,2012,,,14019.0,6159.0,19038.0,9012.0
city38,2013,,,15726.0,6429.0,21753.0,10365.0
city38,2014,,,17160.0,7500.0,23928.0,11661.0
city38,2015,17332.0,11490.0,15213.0,7995.0,21723.0,12642.0
city38,2016,18988.0,12552.0,16359.0,8934.0,23745.0,13980.0
city38,2017,20576.0,13926.0,17880.0,9975.0,25905.0,15114.0
city38,2018,22360.0,14865.0,18945.0,10923.0,28275.0,16428.0
city38,2019,24068.0,15504.0,19983.0,11358.0,30678.0,17694.0
city38,2020,26120.0,17019.0,21684.0,12510.0,33258.0,19215.0
city38,2021,27496.0,16776.0,20988.0,12789.0,34752.0,20625.0
city38,2022,30392.0,19092.0,23028.0,14997.0,37791.0,22686.0
city39,2011,,,14742.0,,23793.0,
city39,2012,,,17529.0,,27342.0,
city39,2013,,,18000.0,,30951.0,
city39,2014,,,19566.0,,33981.0,
city39,2015,,,21924.0,,36939.0,
city39,2016,,,23139.0,,38733.0,
city39,2017,,,24876.0,,41577.0,
city39,2018,,,26871.0,,44763.0,
city39,2019,,,28899.0,,47910.0,
city39,2020,,,25359.0,,40602.0,
city39,2021,,,31284.0,,52683.0,
city39,2022,,,33525.0,,56625.0,
city4,2011,,,,,,
city4,2012,,,,,,
city4,2013,,,,14608.0,37795.0,21400.0
city4,2014,,,25388.0,16216.0,41465.0,23780.0
city4,2015,35328.0,23784.0,27804.0,17612.0,44845.0,25900.0
city4,2016,38252.0,25772.0,30128.0,19468.0,48420.0,28308.0
city4,2017,41564.0,26908.0,30760.0,20472.0,52515.0,30788.0
city4,2018,45192.0,28256.0,32216.0,22004.0,56620.0,33812.0
city4,2019,49216.0,29988.0,33824.0,23888.0,61475.0,36784.0
city4,2020,53568.0,32344.0,36332.0,23912.0,63700.0,39096.0
city4,2021,55828.0,32456.0,36476.0,27828.0,69100.0,42944.0
city4,2022,60846.0,37560.0,42044.0,29724.0,71965.0,45924.0
city6,2011,,,21992.0,11184.0,30715.0,13860.0
city6,2012,,,23780.0,11456.0,34580.0,15684.0
city6,2013,,,26164.0,12692.0,38035.0,17500.0
city6,2014,,,28308.0,13472.0,36555.0,20092.0
city6,2015,35140.0,24848.0,26040.0,15048.0,39755.0,22060.0
city6,2016,38500.0,27712.0,28396.0,16736.0,43120.0,24156.0
city6,2017,41940.0,30560.0,31300.0,18260.0,46845.0,26388.0
city6,2018,45812.0,32648.0,33448.0,19904.0,50735.0,28764.0
city6,2019,49628.0,34052.0,34800.0,21820.0,55230.0,31500.0
city6,2020,54040.0,37160.0,37968.0,22256.0,57445.0,33440.0
city6,2021,56244.0,36936.0,37664.0,25032.0,62940.0,37064.0
city6,2022,61698.0,40540.0,41324.0,,,
city7,2011,,,,,,
city7,2012,,,,,,
city7,2013,,,,13868.0,39565.0,21304.0
city7,2014,,,24220.0,15632.0,43165.0,23536.0
city7,2015,35332.0,22000.0,26228.0,17120.0,46745.0,25648.0
city7,2016,38388.0,23784.0,28156.0,17784.0,50305.0,27744.0
city7,2017,41504.0,24540.0,28856.0,19216.0,54445.0,30328.0
city7,2018,45304.0,26456.0,30876.0,20888.0,59045.0,33096.0
city7,2019,49388.0,28688.0,33316.0,22656.0,63935.0,36120.0
city7,2020,53836.0,31108.0,35924.0,23132.0,66690.0,38696.0
city7,2021,56600.0,31612.0,36392.0,27468.0,73100.0,42636.0
city7,2022,62508.0,37445.0,42764.0,29772.0,76195.0,45708.0
city8,2011,,,11636.0,,20260.0,
city8,2012,,,13312.0,,22995.0,
city8,2013,,,14860.0,,,
city8,2014,,,,5944.0,25795.0,
city8,2015,,,,6528.0,28105.0,10024.0
city8,2016,,,,6920.0,30335.0,14316.0
city8,2017,,,,,24880.0,11928.0
city8,2018,,,,,35825.0,17056.0
city8,2019,,,,,38950.0,18564.0
city8,2020,,,,,40315.0,19728.0
city8,2021,,,,,43950.0,21884.0
city8,2022,,,,,46040.0,23404.0
city9,2011,,,10180.0,5584.0,16110.0,8188.0
city9,2012,,,13160.0,6624.0,18030.0,9504.0
city9,2013,,,14300.0,7624.0,20035.0,10704.0
city9,2014,,,15484.0,9860.0,19540.0,11912.0
city9,2015,15264.0,11236.0,13928.0,10644.0,21395.0,13224.0
city9,2016,16844.0,12428.0,15292.0,11696.0,23320.0,14520.0
city9,2017,18400.0,13480.0,16264.0,12480.0,25315.0,15692.0
city9,2018,19884.0,14492.0,17512.0,13484.0,27160.0,16948.0
city9,2019,21348.0,15440.0,18020.0,14448.0,29405.0,18480.0
city9,2020,23176.0,16516.0,19256.0,15044.0,30730.0,19620.0
city9,2021,24600.0,17012.0,19440.0,16452.0,33420.0,21560.0
city9,2022,26724.0,18275.0,20636.0,,,
ctiy22,2011,,,,,28311.0,
ctiy22,2012,,,,,32199.0,
ctiy22,2013,,,,,36321.0,
ctiy22,2014,,,,,39879.0,
ctiy22,2015,,,,,42567.0,
ctiy22,2016,,,,,46104.0,
ctiy22,2017,,,,,49995.0,
ctiy22,2018,,,,,54537.0,
ctiy22,2019,,,,,59307.0,
ctiy22,2020,,,,,64371.0,
ctiy22,2021,,,,,67551.0,
ctiy22,2022,,,,,73593.0,
ctiy31,2011,,,,,21150.0,
ctiy31,2012,,,,,23922.0,
ctiy31,2013,,,,,27015.0,
ctiy31,2014,,,,,29772.0,
ctiy31,2015,,,,,24975.0,
ctiy31,2016,,,,,27114.0,
ctiy31,2017,,,,,29556.0,
ctiy31,2018,,,,,32475.0,
ctiy31,2019,,,,,35463.0,
ctiy31,2020,,,,,38595.0,
ctiy31,2021,,,,,39921.0,
ctiy31,2022,,,,,43620.0,
