,missing_count,missing_rate
city_id,0,0.0
year,0,0.0
population,244,25.93
registered_population,230,24.44
age_0_14,823,87.46
age_15_64,843,89.59
age_65_plus,838,89.05
urbanization_rate,266,28.27
population_density,184,19.55
average_wage,150,15.94
unemployment_rate,173,18.38
employees_number,251,26.67
primary_employment,243,25.82
secondary_employment,243,25.82
tertiary_employment,243,25.82
industry_employment_total,243,25.82
disposable_income,765,81.3
consumption_expenditures,757,80.45
urban_consumption_expenditures,644,68.44
rural_consumption_expenditures,717,76.2
urban_disposable_income,580,61.64
rural_disposable_income,653,69.39
