city_id,year,population,previous_year,previous_population,year_gap,population_growth_pct
city28,2001,0.0,,,,
city28,2002,0.0,2001.0,0.0,1.0,
city28,2003,0.0,2002.0,0.0,1.0,
city28,2004,0.0,2003.0,0.0,1.0,
city28,2005,0.0,2004.0,0.0,1.0,
city28,2006,820.0,2005.0,0.0,1.0,
city28,2007,829.0,2006.0,820.0,1.0,1.097560975609756
city28,2008,839.0,2007.0,829.0,1.0,1.2062726176115801
city28,2009,846.0,2008.0,839.0,1.0,0.834326579261025
city28,2010,850.0,2009.0,846.0,1.0,0.4728132387706856
city28,2011,872.0,2010.0,850.0,1.0,2.588235294117647
city28,2012,890.0,2011.0,872.0,1.0,2.064220183486239
city28,2013,903.0,2012.0,890.0,1.0,1.4606741573033708
city28,2014,918.0,2013.0,903.0,1.0,1.6611295681063125
city28,2015,935.0,2014.0,918.0,1.0,1.8518518518518516
city28,2016,945.0,2015.0,935.0,1.0,1.06951871657754
city28,2017,961.0,2016.0,945.0,1.0,1.6931216931216932
city28,2018,972.0,2017.0,961.0,1.0,1.1446409989594173
city28,2019,981.0,2018.0,972.0,1.0,0.9259259259259258
city28,2020,992.0,2019.0,981.0,1.0,1.1213047910295617
city28,2021,1011.0,2020.0,992.0,1.0,1.9153225806451613
