,population,registered_population,urbanization_rate,population_density,average_wage,unemployment_rate,employees_number,primary_employment,secondary_employment,tertiary_employment
population,1.0,0.6725499626170596,0.4850607486875552,0.5269607864582587,0.24312667938003593,-0.25625102004511735,0.8916547863542207,0.11972429337729744,0.7761336976081835,0.8642752286064116
registered_population,0.6725499626170596,1.0,-0.025518160589201984,0.03933300093158606,0.1271472279807109,-0.1401674537929597,0.5964796144912675,0.5577222945864571,0.34474129551585175,0.4132072655007849
urbanization_rate,0.4850607486875552,-0.025518160589201984,1.0,0.5722739241998749,0.510864733933188,-0.35631293531210156,0.4681842164363533,-0.471684606836635,0.6134020681489523,0.5870938453640226
population_density,0.5269607864582587,0.03933300093158606,0.5722739241998749,1.0,0.19803963103975925,-0.24513704046739587,0.5309165894863154,-0.19061543170792647,0.5717363966378879,0.6339624299952211
average_wage,0.24312667938003593,0.1271472279807109,0.510864733933188,0.19803963103975925,1.0,-0.58426271679239,0.3030790912008777,-0.28020156069248825,0.2540398514003606,0.37442995749650015
unemployment_rate,-0.25625102004511735,-0.1401674537929597,-0.35631293531210156,-0.24513704046739587,-0.58426271679239,1.0,-0.23807456356718001,-0.00010692573274165478,-0.25500974177071717,-0.30492853000343517
employees_number,0.8916547863542207,0.5964796144912675,0.4681842164363533,0.5309165894863154,0.3030790912008777,-0.23807456356718001,1.0,0.025596260604376073,0.7872009694009692,0.8639518203736903
primary_employment,0.11972429337729744,0.5577222945864571,-0.471684606836635,-0.19061543170792647,-0.28020156069248825,-0.00010692573274165478,0.025596260604376073,1.0,-0.07350146553157032,0.009657698811067945
secondary_employment,0.7761336976081835,0.34474129551585175,0.6134020681489523,0.5717363966378879,0.2540398514003606,-0.25500974177071717,0.7872009694009692,-0.07350146553157032,1.0,0.8158664721675737
tertiary_employment,0.8642752286064116,0.4132072655007849,0.5870938453640226,0.6339624299952211,0.37442995749650015,-0.30492853000343517,0.8639518203736903,0.009657698811067945,0.8158664721675737,1.0
