year,city_id,unemployment_rate
2001,city1,3.0
2002,city1,4.0
2003,city1,4.0
2005,city1,4.0
2006,city1,4.0
2007,city1,4.0
2008,city1,3.0
2009,city1,3.0
2010,city1,3.0
2011,city1,3.0
2012,city1,3.0
2013,city1,3.0
2014,city1,3.0
2015,city1,3.0
2016,city1,3.0
2017,city1,2.0
2018,city1,2.0
2019,city1,2.0
2020,city1,2.0
2021,city1,2.0
2001,city10,4.0
2002,city10,4.0
2003,city10,4.0
2004,city10,4.0
2005,city10,4.0
2006,city10,4.0
2007,city10,4.0
2008,city10,4.0
2009,city10,4.0
2010,city10,4.0
2011,city10,4.0
2012,city10,3.0
2013,city10,3.0
2014,city10,3.0
2015,city10,3.0
2016,city10,3.0
2017,city10,3.0
2018,city10,2.0
2019,city10,2.0
2020,city10,2.0
2021,city10,2.0
2000,city11,3.0
2001,city11,3.0
2002,city11,4.0
2003,city11,4.0
2004,city11,4.0
2005,city11,4.0
2006,city11,4.0
2007,city11,4.0
2008,city11,4.0
2009,city11,4.0
2010,city11,4.0
2011,city11,3.0
2012,city11,3.0
2013,city11,3.0
2014,city11,3.0
2015,city11,3.0
2016,city11,3.0
2017,city11,3.0
2018,city11,3.0
2019,city11,2.0
2020,city11,2.0
2021,city11,2.0
2002,city12,4.0
2003,city12,4.0
2004,city12,4.0
2005,city12,2.0
2006,city12,3.0
2007,city12,3.0
2008,city12,3.0
2009,city12,3.0
2010,city12,3.0
2011,city12,3.0
2012,city12,2.0
2013,city12,2.0
2014,city12,2.0
2015,city12,2.0
2016,city12,2.0
2017,city12,2.0
2018,city12,2.0
2019,city12,2.0
2020,city12,2.0
2000,city14,3.0
2001,city14,3.0
2002,city14,3.0
2003,city14,3.0
2004,city14,3.0
2005,city14,3.0
2006,city14,3.0
2007,city14,3.0
2008,city14,3.0
2009,city14,3.0
2010,city14,3.0
2011,city14,3.0
2012,city14,3.0
2013,city14,3.0
2014,city14,2.0
2015,city14,2.0
2016,city14,2.0
2017,city14,2.0
2018,city14,2.0
2019,city14,2.0
2020,city14,3.0
2021,city14,3.0
2014,city15,2.1
2015,city15,1.9
2016,city15,1.9
2017,city15,1.9
2018,city15,1.8
2019,city15,1.8
2020,city15,1.8
2021,city15,1.8
2022,city15,2.1
2001,city16,2.9
2002,city16,2.9
2003,city16,3.4
2004,city16,3.4
2005,city16,3.3
2006,city16,3.3
2007,city16,3.4
2008,city16,3.2
2009,city16,3.2
2010,city16,3.2
2011,city16,3.0
2012,city16,2.9
2013,city16,2.8
2014,city16,2.4
2015,city16,2.4
2016,city16,2.5
2017,city16,2.5
2018,city16,2.4
2019,city16,2.3
2020,city16,2.1
2021,city16,2.5
2022,city16,2.5
2001,city17,3.2
2002,city17,3.8
2003,city17,3.6
2004,city17,2.7
2005,city17,2.4
2006,city17,2.1
2007,city17,2.1
2008,city17,2.2
2009,city17,2.3
2010,city17,2.3
2011,city17,2.3
2012,city17,2.4
2013,city17,2.4
2014,city17,2.2
2015,city17,2.3
2016,city17,2.2
2017,city17,2.4
2018,city17,2.4
2019,city17,1.9
2020,city17,2.2
2021,city17,2.5
2022,city17,2.2
2001,city18,3.0
2002,city18,3.2
2003,city18,3.4
2004,city18,3.5
2005,city18,3.6
2006,city18,3.6
2007,city18,3.4
2008,city18,3.2
2009,city18,3.2
2012,city18,2.6
2013,city18,2.4
2015,city18,1.9
2017,city18,1.9
2018,city18,1.8
2019,city18,1.8
2020,city18,1.8
2021,city18,1.8
2022,city18,1.6
2001,city19,3.4
2002,city19,3.3
2003,city19,3.0
2004,city19,3.2
2005,city19,3.2
2006,city19,3.2
2007,city19,3.0
2008,city19,2.9
2009,city19,3.0
2010,city19,3.0
2011,city19,3.0
2012,city19,2.8
2013,city19,2.8
2014,city19,2.7
2015,city19,2.8
2016,city19,2.8
2017,city19,2.8
2018,city19,2.5
2019,city19,2.1
2020,city19,1.8
2021,city19,1.6
2022,city19,1.6
2000,city2,3.0
2001,city2,4.0
2002,city2,4.0
2003,city2,4.0
2004,city2,3.0
2005,city2,3.0
2006,city2,3.0
2007,city2,3.0
2008,city2,3.0
2009,city2,3.0
2010,city2,3.0
2011,city2,3.0
2012,city2,2.0
2013,city2,2.0
2014,city2,2.0
2015,city2,2.0
2016,city2,2.0
2017,city2,2.0
2018,city2,2.0
2019,city2,2.0
2020,city2,2.0
2021,city2,3.0
2022,city2,3.0
2004,city20,4.2
2005,city20,4.2
2006,city20,4.1
2007,city20,4.0
2008,city20,3.8
2009,city20,3.9
2010,city20,3.7
2011,city20,3.7
2012,city20,3.5
2013,city20,3.4
2014,city20,3.1
2015,city20,3.1
2016,city20,2.9
2017,city20,2.8
2018,city20,2.7
2019,city20,2.2
2020,city20,2.0
2021,city20,1.8
2022,city20,1.6
2001,city21,3.0
2002,city21,4.0
2003,city21,4.0
2004,city21,4.0
2005,city21,4.0
2006,city21,4.0
2007,city21,3.0
2008,city21,3.0
2009,city21,3.0
2010,city21,3.0
2011,city21,0.0
2012,city21,2.0
2013,city21,2.0
2014,city21,2.0
2015,city21,2.0
2016,city21,2.0
2017,city21,2.0
2018,city21,2.0
2019,city21,2.0
2020,city21,2.0
2021,city21,2.0
2022,city21,2.0
2002,city22,4.0
2003,city22,4.0
2004,city22,4.0
2005,city22,4.0
2006,city22,3.0
2007,city22,3.0
2008,city22,3.0
2009,city22,3.0
2010,city22,3.0
2011,city22,3.0
2012,city22,3.0
2013,city22,3.0
2014,city22,3.0
2015,city22,3.0
2016,city22,2.0
2017,city22,2.0
2018,city22,2.0
2019,city22,2.0
2020,city22,2.0
2021,city22,2.0
2001,city23,3.0
2002,city23,3.0
2003,city23,3.0
2004,city23,3.0
2005,city23,3.0
2006,city23,3.0
2007,city23,3.0
2008,city23,3.0
2009,city23,3.0
2010,city23,3.0
2011,city23,3.0
2012,city23,2.0
2013,city23,2.0
2014,city23,2.0
2015,city23,2.0
2016,city23,2.0
2017,city23,2.0
2018,city23,2.0
2019,city23,2.0
2020,city23,2.0
2021,city23,2.0
2022,city23,2.0
2001,city24,4.0
2002,city24,4.0
2003,city24,4.0
2004,city24,4.0
2005,city24,4.0
2006,city24,4.0
2007,city24,4.0
2008,city24,4.0
2009,city24,3.0
2010,city24,4.0
2011,city24,4.0
2012,city24,4.0
2013,city24,3.0
2014,city24,2.0
2015,city24,2.0
2016,city24,2.0
2017,city24,2.0
2018,city24,2.0
2019,city24,2.0
2020,city24,2.0
2021,city24,2.0
2001,city25,3.0
2002,city25,4.0
2003,city25,4.0
2004,city25,4.0
2005,city25,4.0
2006,city25,4.0
2007,city25,3.0
2008,city25,3.0
2009,city25,3.0
2010,city25,3.0
2011,city25,3.0
2012,city25,3.0
2013,city25,3.0
2014,city25,2.0
2015,city25,2.0
2016,city25,2.0
2017,city25,2.0
2018,city25,2.0
2019,city25,2.0
2020,city25,2.0
2021,city25,2.0
2022,city25,2.0
2020,city26,2.0
2021,city26,2.0
2022,city26,2.0
2001,city27,1.0
2002,city27,2.0
2003,city27,3.0
2004,city27,3.0
2005,city27,3.0
2006,city27,3.0
2007,city27,3.0
2008,city27,3.0
2009,city27,3.0
2010,city27,3.0
2011,city27,3.0
2012,city27,2.0
2013,city27,2.0
2014,city27,2.0
2015,city27,2.0
2016,city27,3.0
2017,city27,2.0
2018,city27,2.0
2019,city27,2.0
2020,city27,2.0
2021,city27,3.0
2022,city27,2.0
2001,city28,3.0
2002,city28,4.0
2003,city28,4.0
2004,city28,4.0
2005,city28,3.0
2006,city28,3.0
2007,city28,3.0
2008,city28,3.0
2009,city28,3.0
2010,city28,3.0
2011,city28,3.0
2012,city28,3.0
2013,city28,3.0
2014,city28,3.0
2015,city28,3.0
2016,city28,3.0
2017,city28,3.0
2018,city28,3.0
2019,city28,3.0
2020,city28,3.0
2021,city28,3.0
2022,city28,3.0
2001,city29,3.0
2002,city29,3.0
2003,city29,4.0
2004,city29,4.0
2005,city29,4.0
2006,city29,4.0
2007,city29,4.0
2008,city29,4.0
2009,city29,4.0
2010,city29,4.0
2011,city29,4.0
2012,city29,3.0
2013,city29,3.0
2014,city29,3.0
2015,city29,2.0
2016,city29,2.0
2017,city29,2.0
2018,city29,2.0
2019,city29,2.0
2020,city29,2.0
2021,city29,1.0
2022,city29,1.0
2000,city3,3.0
2001,city3,2.0
2002,city3,2.0
2003,city3,3.0
2004,city3,3.0
2005,city3,2.0
2006,city3,2.0
2007,city3,2.0
2008,city3,2.0
2009,city3,3.0
2010,city3,3.0
2011,city3,2.0
2012,city3,2.0
2013,city3,2.0
2014,city3,2.0
2015,city3,2.0
2016,city3,2.0
2017,city3,2.0
2018,city3,2.0
2019,city3,2.0
2020,city3,2.0
2021,city3,2.0
2003,city30,4.0
2004,city30,4.0
2005,city30,4.0
2006,city30,4.0
2007,city30,4.0
2008,city30,3.0
2009,city30,3.0
2013,city30,2.0
2014,city30,2.0
2015,city30,2.0
2016,city30,2.0
2017,city30,2.0
2018,city30,2.0
2019,city30,2.0
2021,city30,2.0
2001,city31,2.0
2002,city31,3.0
2003,city31,3.0
2004,city31,3.0
2005,city31,3.0
2006,city31,3.0
2007,city31,3.0
2008,city31,3.0
2009,city31,3.0
2010,city31,2.0
2011,city31,2.0
2012,city31,2.0
2013,city31,2.0
2014,city31,2.0
2015,city31,2.0
2016,city31,2.0
2017,city31,2.0
2018,city31,2.0
2019,city31,2.0
2020,city31,2.0
2021,city31,2.0
2022,city31,2.0
2001,city32,3.0
2002,city32,3.0
2003,city32,4.0
2004,city32,4.0
2005,city32,3.0
2006,city32,3.0
2007,city32,3.0
2008,city32,3.0
2009,city32,3.0
2010,city32,3.0
2011,city32,3.0
2012,city32,3.0
2013,city32,3.0
2014,city32,3.0
2015,city32,3.0
2016,city32,3.0
2017,city32,3.0
2018,city32,3.0
2019,city32,2.0
2020,city32,2.0
2021,city32,2.0
2022,city32,3.0
2002,city33,1.0
2003,city33,4.0
2004,city33,3.0
2005,city33,3.0
2006,city33,2.0
2007,city33,3.0
2008,city33,2.0
2009,city33,3.0
2010,city33,2.0
2011,city33,2.0
2012,city33,2.0
2013,city33,2.0
2014,city33,2.0
2015,city33,2.0
2016,city33,2.0
2017,city33,2.0
2018,city33,2.0
2019,city33,2.0
2020,city33,2.0
2021,city33,2.0
2022,city33,2.0
2001,city35,3.0
2002,city35,3.0
2003,city35,3.0
2004,city35,3.0
2005,city35,3.0
2006,city35,3.0
2007,city35,3.0
2008,city35,3.0
2009,city35,3.0
2010,city35,3.0
2011,city35,3.0
2012,city35,3.0
2013,city35,3.0
2014,city35,2.0
2015,city35,2.0
2016,city35,2.0
2017,city35,2.0
2018,city35,2.0
2019,city35,2.0
2020,city35,2.0
2021,city35,2.0
2022,city35,
2001,city36,2.0
2002,city36,3.0
2003,city36,3.0
2004,city36,4.0
2005,city36,4.0
2006,city36,3.0
2007,city36,3.0
2008,city36,3.0
2009,city36,3.0
2010,city36,3.0
2011,city36,3.0
2012,city36,3.0
2013,city36,2.0
2014,city36,2.0
2015,city36,2.0
2016,city36,2.0
2017,city36,2.0
2018,city36,2.0
2019,city36,3.0
2020,city36,2.0
2021,city36,2.0
2022,city36,2.0
2003,city37,5.0
2004,city37,5.0
2005,city37,4.0
2006,city37,4.0
2007,city37,3.0
2008,city37,3.0
2009,city37,3.0
2010,city37,3.0
2011,city37,2.0
2012,city37,2.0
2013,city37,2.0
2014,city37,2.0
2015,city37,2.0
2016,city37,2.0
2017,city37,2.0
2018,city37,2.0
2019,city37,2.0
2020,city37,2.0
2022,city37,3.0
2001,city38,3.0
2002,city38,3.0
2003,city38,3.0
2004,city38,3.0
2005,city38,3.0
2006,city38,3.0
2007,city38,3.0
2008,city38,3.0
2009,city38,3.0
2010,city38,2.0
2011,city38,2.0
2012,city38,3.0
2013,city38,2.0
2014,city38,2.0
2015,city38,2.0
2016,city38,2.0
2017,city38,2.0
2018,city38,2.0
2019,city38,2.0
2020,city38,2.0
2021,city38,2.0
2022,city38,3.0
2001,city39,2.0
2002,city39,2.0
2003,city39,2.0
2004,city39,2.0
2005,city39,2.0
2006,city39,2.0
2007,city39,2.0
2008,city39,2.0
2009,city39,2.0
2010,city39,2.0
2011,city39,2.0
2012,city39,2.0
2013,city39,2.0
2014,city39,2.0
2015,city39,2.0
2016,city39,2.0
2017,city39,2.0
2018,city39,3.0
2019,city39,3.0
2020,city39,3.0
2021,city39,3.0
2022,city39,2.0
2001,city4,4.0
2002,city4,4.0
2003,city4,4.0
2004,city4,4.0
2005,city4,4.0
2006,city4,4.0
2007,city4,4.0
2008,city4,4.0
2009,city4,4.0
2010,city4,3.0
2011,city4,3.0
2012,city4,3.0
2013,city4,3.0
2014,city4,3.0
2015,city4,3.0
2016,city4,3.0
2017,city4,3.0
2018,city4,2.0
2019,city4,2.0
2020,city4,2.0
2021,city4,2.0
2022,city4,1.0
2001,city40,3.0
2002,city40,4.0
2004,city40,4.0
2005,city40,4.0
2006,city40,4.0
2007,city40,3.0
2008,city40,3.0
2009,city40,3.0
2010,city40,3.0
2011,city40,3.0
2013,city40,2.0
2014,city40,2.0
2015,city40,2.0
2016,city40,2.0
2017,city40,2.0
2018,city40,2.0
2019,city40,2.0
2020,city40,2.0
2021,city40,2.0
2022,city40,3.0
2000,city5,3.0
2001,city5,4.0
2002,city5,4.0
2003,city5,4.0
2004,city5,4.0
2005,city5,3.0
2006,city5,3.0
2007,city5,3.0
2009,city5,3.0
2010,city5,3.0
2011,city5,3.0
2012,city5,3.0
2013,city5,2.0
2014,city5,2.0
2016,city5,2.0
2017,city5,2.0
2018,city5,2.0
2020,city5,2.0
2021,city5,2.0
2000,city6,3.0
2001,city6,4.0
2002,city6,3.0
2003,city6,2.0
2004,city6,2.0
2005,city6,2.0
2006,city6,2.0
2007,city6,2.0
2008,city6,2.0
2009,city6,2.0
2010,city6,2.0
2011,city6,2.0
2012,city6,2.0
2013,city6,2.0
2014,city6,2.0
2015,city6,2.0
2016,city6,2.0
2017,city6,2.0
2018,city6,2.0
2019,city6,2.0
2020,city6,2.0
2021,city6,2.0
2001,city7,4.0
2002,city7,4.0
2003,city7,4.0
2004,city7,4.0
2005,city7,4.0
2006,city7,3.0
2007,city7,3.0
2008,city7,3.0
2009,city7,4.0
2010,city7,3.0
2012,city7,3.0
2013,city7,3.0
2014,city7,3.0
2015,city7,3.0
2016,city7,2.0
2017,city7,2.0
2018,city7,2.0
2019,city7,2.0
2020,city7,2.0
2021,city7,2.0
2000,city8,3.0
2001,city8,3.0
2002,city8,4.0
2003,city8,4.0
2006,city8,4.0
2007,city8,3.0
2008,city8,3.0
2009,city8,3.0
2010,city8,3.0
2011,city8,3.0
2012,city8,2.0
2013,city8,2.0
2014,city8,2.0
2015,city8,2.0
2016,city8,2.0
2017,city8,2.0
2018,city8,2.0
2019,city8,2.0
2020,city8,2.0
2021,city8,4.0
2000,city9,3.0
2001,city9,3.0
2002,city9,4.0
2003,city9,3.0
2004,city9,3.0
2005,city9,3.0
2006,city9,3.0
2007,city9,3.0
2008,city9,3.0
2009,city9,3.0
2010,city9,3.0
2011,city9,3.0
2012,city9,3.0
2013,city9,2.0
2014,city9,2.0
2015,city9,2.0
2016,city9,2.0
2017,city9,2.0
2018,city9,2.0
2019,city9,2.0
2020,city9,2.0
2021,city9,2.0
